<?xml version="1.0" encoding="UTF-8"?>

<!-- generated on 2024-02-23 15:50:28 by Eclipse SUMO GUI Version 1.17.0
<configuration xmlns:xsi="http://www.w3.org/2001/XMLSchema-instance" xsi:noNamespaceSchemaLocation="http://sumo.dlr.de/xsd/sumoConfiguration.xsd">

    <input>
        <net-file value="maps/test3.net.xml"/>
        <route-files value="maps/test3.rou.xml"/>
    </input>

    <output>
        <tripinfo-output value="tripinfo-trained.xml"/>
    </output>

    <time>
        <begin value="0"/>
        <end value="200"/>
    </time>

    <report>
        <verbose value="true"/>
        <no-step-log value="true"/>
    </report>

    <traci_server>
        <remote-port value="54668"/>
    </traci_server>

</configuration>
-->

<tripinfos xmlns:xsi="http://www.w3.org/2001/XMLSchema-instance" xsi:noNamespaceSchemaLocation="http://sumo.dlr.de/xsd/tripinfo_file.xsd">
    <tripinfo id="4" depart="4.00" departLane="-E3_0" departPos="5.10" departSpeed="0.00" departDelay="0.00" arrival="30.00" arrivalLane="-E1_0" arrivalPos="92.80" arrivalSpeed="9.88" duration="26.00" routeLength="287.80" waitingTime="0.00" waitingCount="0" stopTime="0.00" timeLoss="5.85" rerouteNo="0" devices="tripinfo_4" vType="DEFAULT_VEHTYPE" speedFactor="1.03" vaporized=""/>
    <tripinfo id="26" depart="26.00" departLane="-E18_0" departPos="5.10" departSpeed="0.00" departDelay="0.00" arrival="45.00" arrivalLane="E6_0" arrivalPos="92.80" arrivalSpeed="12.63" duration="19.00" routeLength="194.90" waitingTime="0.00" waitingCount="0" stopTime="0.00" timeLoss="3.47" rerouteNo="0" devices="tripinfo_26" vType="DEFAULT_VEHTYPE" speedFactor="0.92" vaporized=""/>
    <tripinfo id="15" depart="15.00" departLane="E16_0" departPos="5.10" departSpeed="0.00" departDelay="0.00" arrival="56.00" arrivalLane="E19_0" arrivalPos="92.80" arrivalSpeed="12.53" duration="41.00" routeLength="389.43" waitingTime="0.00" waitingCount="0" stopTime="0.00" timeLoss="8.52" rerouteNo="0" devices="tripinfo_15" vType="DEFAULT_VEHTYPE" speedFactor="0.93" vaporized=""/>
    <tripinfo id="28" depart="30.00" departLane="-E14_0" departPos="5.10" departSpeed="0.00" departDelay="2.00" arrival="57.00" arrivalLane="E19_0" arrivalPos="92.80" arrivalSpeed="14.71" duration="27.00" routeLength="282.43" waitingTime="0.00" waitingCount="0" stopTime="0.00" timeLoss="8.05" rerouteNo="0" devices="tripinfo_28" vType="DEFAULT_VEHTYPE" speedFactor="1.13" vaporized=""/>
    <tripinfo id="31" depart="32.00" departLane="-E7_0" departPos="5.10" departSpeed="0.00" departDelay="1.00" arrival="60.00" arrivalLane="E18_0" arrivalPos="92.80" arrivalSpeed="15.09" duration="28.00" routeLength="287.80" waitingTime="0.00" waitingCount="0" stopTime="0.00" timeLoss="9.58" rerouteNo="0" devices="tripinfo_31" vType="DEFAULT_VEHTYPE" speedFactor="1.15" vaporized=""/>
    <tripinfo id="25" depart="25.00" departLane="-E20_0" departPos="5.10" departSpeed="0.00" departDelay="0.00" arrival="62.00" arrivalLane="-E16_0" arrivalPos="92.80" arrivalSpeed="12.11" duration="37.00" routeLength="194.90" waitingTime="12.00" waitingCount="1" stopTime="0.00" timeLoss="20.47" rerouteNo="0" devices="tripinfo_25" vType="DEFAULT_VEHTYPE" speedFactor="0.87" vaporized=""/>
    <tripinfo id="21" depart="21.00" departLane="-E16_0" departPos="5.10" departSpeed="0.00" departDelay="0.00" arrival="67.00" arrivalLane="-E4_0" arrivalPos="85.60" arrivalSpeed="9.42" duration="46.00" routeLength="475.13" waitingTime="0.00" waitingCount="0" stopTime="0.00" timeLoss="10.82" rerouteNo="0" devices="tripinfo_21" vType="DEFAULT_VEHTYPE" speedFactor="1.01" vaporized=""/>
    <tripinfo id="40" depart="40.00" departLane="-E8_0" departPos="5.10" departSpeed="0.00" departDelay="0.00" arrival="69.00" arrivalLane="-E2_0" arrivalPos="92.80" arrivalSpeed="13.34" duration="29.00" routeLength="289.33" waitingTime="0.00" waitingCount="0" stopTime="0.00" timeLoss="6.79" rerouteNo="0" devices="tripinfo_40" vType="DEFAULT_VEHTYPE" speedFactor="1.03" vaporized=""/>
    <tripinfo id="60" depart="60.00" departLane="E13_0" departPos="5.10" departSpeed="0.00" departDelay="0.00" arrival="70.00" arrivalLane="E13_0" arrivalPos="92.80" arrivalSpeed="14.84" duration="10.00" routeLength="87.70" waitingTime="0.00" waitingCount="0" stopTime="0.00" timeLoss="3.79" rerouteNo="0" devices="tripinfo_60" vType="DEFAULT_VEHTYPE" speedFactor="1.08" vaporized=""/>
    <tripinfo id="5" depart="5.00" departLane="-E16_0" departPos="5.10" departSpeed="0.00" departDelay="0.00" arrival="71.00" arrivalLane="E12_0" arrivalPos="92.80" arrivalSpeed="7.63" duration="66.00" routeLength="570.06" waitingTime="0.00" waitingCount="0" stopTime="0.00" timeLoss="14.79" rerouteNo="0" devices="tripinfo_5" vType="DEFAULT_VEHTYPE" speedFactor="0.83" vaporized=""/>
    <tripinfo id="7" depart="7.00" departLane="E10_0" departPos="5.10" departSpeed="0.00" departDelay="0.00" arrival="79.00" arrivalLane="E13_0" arrivalPos="92.80" arrivalSpeed="11.64" duration="72.00" routeLength="576.95" waitingTime="4.00" waitingCount="1" stopTime="0.00" timeLoss="22.34" rerouteNo="0" devices="tripinfo_7" vType="DEFAULT_VEHTYPE" speedFactor="0.89" vaporized=""/>
    <tripinfo id="41" depart="43.00" departLane="-E8_0" departPos="5.10" departSpeed="0.00" departDelay="2.00" arrival="79.00" arrivalLane="E5_0" arrivalPos="92.80" arrivalSpeed="12.47" duration="36.00" routeLength="389.63" waitingTime="0.00" waitingCount="0" stopTime="0.00" timeLoss="6.24" rerouteNo="0" devices="tripinfo_41" vType="DEFAULT_VEHTYPE" speedFactor="0.96" vaporized=""/>
    <tripinfo id="39" depart="39.00" departLane="-E18_0" departPos="5.10" departSpeed="0.00" departDelay="0.00" arrival="88.00" arrivalLane="-E2_0" arrivalPos="92.80" arrivalSpeed="11.34" duration="49.00" routeLength="484.26" waitingTime="0.00" waitingCount="0" stopTime="0.00" timeLoss="8.25" rerouteNo="0" devices="tripinfo_39" vType="DEFAULT_VEHTYPE" speedFactor="0.90" vaporized=""/>
    <tripinfo id="79" depart="79.00" departLane="-E16_0" departPos="5.10" departSpeed="0.00" departDelay="0.00" arrival="89.00" arrivalLane="-E16_0" arrivalPos="92.80" arrivalSpeed="14.55" duration="10.00" routeLength="87.70" waitingTime="0.00" waitingCount="0" stopTime="0.00" timeLoss="3.26" rerouteNo="0" devices="tripinfo_79" vType="DEFAULT_VEHTYPE" speedFactor="1.09" vaporized=""/>
    <tripinfo id="23" depart="23.00" departLane="-E12_0" departPos="5.10" departSpeed="0.00" departDelay="0.00" arrival="97.00" arrivalLane="-E4_0" arrivalPos="85.60" arrivalSpeed="12.23" duration="74.00" routeLength="280.60" waitingTime="43.00" waitingCount="1" stopTime="0.00" timeLoss="51.30" rerouteNo="0" devices="tripinfo_23" vType="DEFAULT_VEHTYPE" speedFactor="0.89" vaporized=""/>
    <tripinfo id="47" depart="47.00" departLane="-E11_0" departPos="5.10" departSpeed="0.00" departDelay="0.00" arrival="100.00" arrivalLane="-E7_0" arrivalPos="92.80" arrivalSpeed="12.10" duration="53.00" routeLength="189.53" waitingTime="28.00" waitingCount="1" stopTime="0.00" timeLoss="36.77" rerouteNo="0" devices="tripinfo_47" vType="DEFAULT_VEHTYPE" speedFactor="0.90" vaporized=""/>
    <tripinfo id="10" depart="12.00" departLane="E16_0" departPos="5.10" departSpeed="0.00" departDelay="2.00" arrival="102.00" arrivalLane="E18_0" arrivalPos="92.80" arrivalSpeed="14.31" duration="90.00" routeLength="589.33" waitingTime="25.00" waitingCount="1" stopTime="0.00" timeLoss="48.71" rerouteNo="0" devices="tripinfo_10" vType="DEFAULT_VEHTYPE" speedFactor="1.09" vaporized=""/>
    <tripinfo id="55" depart="55.00" departLane="E4_0" departPos="5.10" departSpeed="0.00" departDelay="0.00" arrival="102.00" arrivalLane="-E2_0" arrivalPos="92.80" arrivalSpeed="13.52" duration="47.00" routeLength="471.69" waitingTime="0.00" waitingCount="0" stopTime="0.00" timeLoss="10.23" rerouteNo="0" devices="tripinfo_55" vType="DEFAULT_VEHTYPE" speedFactor="1.00" vaporized=""/>
    <tripinfo id="63" depart="65.00" departLane="-E1_0" departPos="5.10" departSpeed="0.00" departDelay="2.00" arrival="104.00" arrivalLane="E6_0" arrivalPos="92.80" arrivalSpeed="13.12" duration="39.00" routeLength="284.16" waitingTime="2.00" waitingCount="1" stopTime="0.00" timeLoss="16.09" rerouteNo="0" devices="tripinfo_63" vType="DEFAULT_VEHTYPE" speedFactor="0.99" vaporized=""/>
    <tripinfo id="33" depart="33.00" departLane="-E16_0" departPos="5.10" departSpeed="0.00" departDelay="0.00" arrival="110.00" arrivalLane="-E1_0" arrivalPos="92.80" arrivalSpeed="15.01" duration="77.00" routeLength="475.33" waitingTime="32.00" waitingCount="1" stopTime="0.00" timeLoss="46.82" rerouteNo="0" devices="tripinfo_33" vType="DEFAULT_VEHTYPE" speedFactor="1.17" vaporized=""/>
    <tripinfo id="57" depart="57.00" departLane="E6_0" departPos="5.10" departSpeed="0.00" departDelay="0.00" arrival="110.00" arrivalLane="E4_0" arrivalPos="85.60" arrivalSpeed="7.93" duration="53.00" routeLength="564.59" waitingTime="0.00" waitingCount="0" stopTime="0.00" timeLoss="15.46" rerouteNo="0" devices="tripinfo_57" vType="DEFAULT_VEHTYPE" speedFactor="1.14" vaporized=""/>
    <tripinfo id="9" depart="9.00" departLane="E16_0" departPos="5.10" departSpeed="0.00" departDelay="0.00" arrival="111.00" arrivalLane="-E0_0" arrivalPos="92.80" arrivalSpeed="10.63" duration="102.00" routeLength="694.70" waitingTime="25.00" waitingCount="1" stopTime="0.00" timeLoss="41.04" rerouteNo="0" devices="tripinfo_9" vType="DEFAULT_VEHTYPE" speedFactor="0.86" vaporized=""/>
    <tripinfo id="66" depart="80.00" departLane="E4_0" departPos="5.10" departSpeed="0.00" departDelay="14.00" arrival="115.00" arrivalLane="E7_0" arrivalPos="92.80" arrivalSpeed="12.37" duration="35.00" routeLength="275.23" waitingTime="1.00" waitingCount="1" stopTime="0.00" timeLoss="11.95" rerouteNo="0" devices="tripinfo_66" vType="DEFAULT_VEHTYPE" speedFactor="0.91" vaporized=""/>
    <tripinfo id="64" depart="69.00" departLane="E4_0" departPos="5.10" departSpeed="0.00" departDelay="5.00" arrival="122.00" arrivalLane="E3_0" arrivalPos="92.80" arrivalSpeed="12.10" duration="53.00" routeLength="476.86" waitingTime="1.00" waitingCount="1" stopTime="0.00" timeLoss="14.03" rerouteNo="0" devices="tripinfo_64" vType="DEFAULT_VEHTYPE" speedFactor="0.94" vaporized=""/>
    <tripinfo id="106" depart="106.00" departLane="-E4_0" departPos="5.10" departSpeed="0.00" departDelay="0.00" arrival="127.00" arrivalLane="E1_0" arrivalPos="92.80" arrivalSpeed="13.13" duration="21.00" routeLength="187.49" waitingTime="0.00" waitingCount="0" stopTime="0.00" timeLoss="6.04" rerouteNo="0" devices="tripinfo_106" vType="DEFAULT_VEHTYPE" speedFactor="1.01" vaporized=""/>
    <tripinfo id="82" depart="83.00" departLane="E4_0" departPos="5.10" departSpeed="0.00" departDelay="1.00" arrival="128.00" arrivalLane="-E10_0" arrivalPos="85.60" arrivalSpeed="10.22" duration="45.00" routeLength="369.86" waitingTime="0.00" waitingCount="0" stopTime="0.00" timeLoss="16.79" rerouteNo="0" devices="tripinfo_82" vType="DEFAULT_VEHTYPE" speedFactor="1.02" vaporized=""/>
    <tripinfo id="107" depart="111.00" departLane="E7_0" departPos="5.10" departSpeed="0.00" departDelay="4.00" arrival="128.00" arrivalLane="E8_0" arrivalPos="92.80" arrivalSpeed="14.06" duration="17.00" routeLength="194.90" waitingTime="0.00" waitingCount="0" stopTime="0.00" timeLoss="3.21" rerouteNo="0" devices="tripinfo_107" vType="DEFAULT_VEHTYPE" speedFactor="1.03" vaporized=""/>
    <tripinfo id="116" depart="116.00" departLane="E0_0" departPos="5.10" departSpeed="0.00" departDelay="0.00" arrival="135.00" arrivalLane="E17_0" arrivalPos="92.80" arrivalSpeed="15.19" duration="19.00" routeLength="194.69" waitingTime="0.00" waitingCount="0" stopTime="0.00" timeLoss="6.14" rerouteNo="0" devices="tripinfo_116" vType="DEFAULT_VEHTYPE" speedFactor="1.18" vaporized=""/>
    <tripinfo id="93" depart="94.00" departLane="E4_0" departPos="5.10" departSpeed="0.00" departDelay="1.00" arrival="144.00" arrivalLane="-E2_0" arrivalPos="92.80" arrivalSpeed="11.89" duration="50.00" routeLength="471.69" waitingTime="0.00" waitingCount="0" stopTime="0.00" timeLoss="11.22" rerouteNo="0" devices="tripinfo_93" vType="DEFAULT_VEHTYPE" speedFactor="0.92" vaporized=""/>
    <tripinfo id="129" depart="129.00" departLane="-E18_0" departPos="5.10" departSpeed="0.00" departDelay="0.00" arrival="147.00" arrivalLane="E6_0" arrivalPos="92.80" arrivalSpeed="13.08" duration="18.00" routeLength="194.90" waitingTime="0.00" waitingCount="0" stopTime="0.00" timeLoss="3.37" rerouteNo="0" devices="tripinfo_129" vType="DEFAULT_VEHTYPE" speedFactor="1.01" vaporized=""/>
    <tripinfo id="71" depart="71.00" departLane="-E18_0" departPos="5.10" departSpeed="0.00" departDelay="0.00" arrival="148.00" arrivalLane="E4_0" arrivalPos="85.60" arrivalSpeed="7.58" duration="77.00" routeLength="671.79" waitingTime="8.00" waitingCount="1" stopTime="0.00" timeLoss="25.14" rerouteNo="0" devices="tripinfo_71" vType="DEFAULT_VEHTYPE" speedFactor="0.97" vaporized=""/>
    <tripinfo id="96" depart="96.00" departLane="-E17_0" departPos="5.10" departSpeed="0.00" departDelay="0.00" arrival="153.00" arrivalLane="E6_0" arrivalPos="92.80" arrivalSpeed="13.41" duration="57.00" routeLength="289.33" waitingTime="22.00" waitingCount="1" stopTime="0.00" timeLoss="34.35" rerouteNo="0" devices="tripinfo_96" vType="DEFAULT_VEHTYPE" speedFactor="1.01" vaporized=""/>
    <tripinfo id="147" depart="147.00" departLane="E13_0" departPos="5.10" departSpeed="0.00" departDelay="0.00" arrival="157.00" arrivalLane="E13_0" arrivalPos="92.80" arrivalSpeed="12.74" duration="10.00" routeLength="87.70" waitingTime="0.00" waitingCount="0" stopTime="0.00" timeLoss="3.49" rerouteNo="0" devices="tripinfo_147" vType="DEFAULT_VEHTYPE" speedFactor="1.00" vaporized=""/>
    <tripinfo id="35" depart="36.00" departLane="-E16_0" departPos="5.10" departSpeed="0.00" departDelay="1.00" arrival="162.00" arrivalLane="E7_0" arrivalPos="92.80" arrivalSpeed="13.45" duration="126.00" routeLength="764.69" waitingTime="46.00" waitingCount="2" stopTime="0.00" timeLoss="69.43" rerouteNo="0" devices="tripinfo_35" vType="DEFAULT_VEHTYPE" speedFactor="1.02" vaporized=""/>
    <tripinfo id="83" depart="83.00" departLane="-E17_0" departPos="5.10" departSpeed="0.00" departDelay="0.00" arrival="162.00" arrivalLane="E17_0" arrivalPos="92.80" arrivalSpeed="12.86" duration="79.00" routeLength="778.79" waitingTime="0.00" waitingCount="0" stopTime="0.00" timeLoss="17.81" rerouteNo="0" devices="tripinfo_83" vType="DEFAULT_VEHTYPE" speedFactor="0.97" vaporized=""/>
    <tripinfo id="34" depart="34.00" departLane="-E19_0" departPos="5.10" departSpeed="0.00" departDelay="0.00" arrival="168.00" arrivalLane="-E4_0" arrivalPos="85.60" arrivalSpeed="12.81" duration="134.00" routeLength="387.80" waitingTime="78.00" waitingCount="3" stopTime="0.00" timeLoss="105.27" rerouteNo="0" devices="tripinfo_34" vType="DEFAULT_VEHTYPE" speedFactor="0.99" vaporized=""/>
    <tripinfo id="104" depart="104.00" departLane="-E20_0" departPos="5.10" departSpeed="0.00" departDelay="0.00" arrival="168.00" arrivalLane="E8_0" arrivalPos="92.80" arrivalSpeed="12.33" duration="64.00" routeLength="394.79" waitingTime="16.00" waitingCount="2" stopTime="0.00" timeLoss="31.49" rerouteNo="0" devices="tripinfo_104" vType="DEFAULT_VEHTYPE" speedFactor="0.89" vaporized=""/>
    <tripinfo id="134" depart="134.00" departLane="E10_0" departPos="5.10" departSpeed="0.00" departDelay="0.00" arrival="190.00" arrivalLane="-E0_0" arrivalPos="92.80" arrivalSpeed="16.30" duration="56.00" routeLength="487.39" waitingTime="6.00" waitingCount="2" stopTime="0.00" timeLoss="25.80" rerouteNo="0" devices="tripinfo_134" vType="DEFAULT_VEHTYPE" speedFactor="1.23" vaporized=""/>
    <tripinfo id="100" depart="100.00" departLane="E7_0" departPos="5.10" departSpeed="0.00" departDelay="0.00" arrival="199.00" arrivalLane="E6_0" arrivalPos="92.80" arrivalSpeed="13.89" duration="99.00" routeLength="573.52" waitingTime="23.00" waitingCount="2" stopTime="0.00" timeLoss="57.16" rerouteNo="0" devices="tripinfo_100" vType="DEFAULT_VEHTYPE" speedFactor="1.06" vaporized=""/>
    <tripinfo id="130" depart="147.00" departLane="E4_0" departPos="5.10" departSpeed="0.00" departDelay="17.00" arrival="199.00" arrivalLane="E4_0" arrivalPos="85.60" arrivalSpeed="4.43" duration="52.00" routeLength="80.50" waitingTime="21.00" waitingCount="2" stopTime="0.00" timeLoss="46.39" rerouteNo="0" devices="tripinfo_130" vType="DEFAULT_VEHTYPE" speedFactor="1.03" vaporized=""/>
</tripinfos>
