<?xml version="1.0" encoding="UTF-8"?>

<!-- generated on 2024-02-26 14:05:25 by Eclipse SUMO sumo Version 1.17.0
<configuration xmlns:xsi="http://www.w3.org/2001/XMLSchema-instance" xsi:noNamespaceSchemaLocation="http://sumo.dlr.de/xsd/sumoConfiguration.xsd">

    <input>
        <net-file value="maps/cruz.net.xml"/>
        <route-files value="maps/cruz.rou.xml"/>
    </input>

    <output>
        <tripinfo-output value="tripinfo.xml"/>
    </output>

    <time>
        <begin value="0"/>
        <end value="200"/>
    </time>

    <report>
        <verbose value="true"/>
        <no-step-log value="true"/>
    </report>

    <traci_server>
        <remote-port value="61933"/>
    </traci_server>

</configuration>
-->

<tripinfos xmlns:xsi="http://www.w3.org/2001/XMLSchema-instance" xsi:noNamespaceSchemaLocation="http://sumo.dlr.de/xsd/tripinfo_file.xsd">
    <tripinfo id="7" depart="7.00" departLane="E1_0" departPos="5.10" departSpeed="0.00" departDelay="0.00" arrival="17.00" arrivalLane="E1_0" arrivalPos="92.80" arrivalSpeed="14.02" duration="10.00" routeLength="87.70" waitingTime="0.00" waitingCount="0" stopTime="0.00" timeLoss="3.34" rerouteNo="0" devices="tripinfo_7" vType="DEFAULT_VEHTYPE" speedFactor="1.08" vaporized=""/>
    <tripinfo id="2" depart="2.00" departLane="E2_0" departPos="5.10" departSpeed="0.00" departDelay="0.00" arrival="20.00" arrivalLane="E3_0" arrivalPos="100.00" arrivalSpeed="14.25" duration="18.00" routeLength="187.80" waitingTime="0.00" waitingCount="0" stopTime="0.00" timeLoss="4.32" rerouteNo="0" devices="tripinfo_2" vType="DEFAULT_VEHTYPE" speedFactor="1.06" vaporized=""/>
    <tripinfo id="11" depart="11.00" departLane="-E6_0" departPos="5.10" departSpeed="0.00" departDelay="0.00" arrival="31.00" arrivalLane="-E1_0" arrivalPos="92.80" arrivalSpeed="13.78" duration="20.00" routeLength="194.70" waitingTime="0.00" waitingCount="0" stopTime="0.00" timeLoss="5.50" rerouteNo="0" devices="tripinfo_11" vType="DEFAULT_VEHTYPE" speedFactor="1.05" vaporized=""/>
    <tripinfo id="4" depart="4.00" departLane="-E7_0" departPos="5.10" departSpeed="0.00" departDelay="0.00" arrival="41.00" arrivalLane="-E0_0" arrivalPos="100.00" arrivalSpeed="12.79" duration="37.00" routeLength="394.90" waitingTime="0.00" waitingCount="0" stopTime="0.00" timeLoss="7.69" rerouteNo="0" devices="tripinfo_4" vType="DEFAULT_VEHTYPE" speedFactor="1.01" vaporized=""/>
    <tripinfo id="34" depart="34.00" departLane="-E5_0" departPos="5.10" departSpeed="0.00" departDelay="0.00" arrival="52.00" arrivalLane="-E4_0" arrivalPos="100.00" arrivalSpeed="13.46" duration="18.00" routeLength="187.80" waitingTime="0.00" waitingCount="0" stopTime="0.00" timeLoss="3.96" rerouteNo="0" devices="tripinfo_34" vType="DEFAULT_VEHTYPE" speedFactor="1.02" vaporized=""/>
    <tripinfo id="49" depart="49.00" departLane="E6_0" departPos="5.10" departSpeed="0.00" departDelay="0.00" arrival="59.00" arrivalLane="E6_0" arrivalPos="92.80" arrivalSpeed="11.94" duration="10.00" routeLength="87.70" waitingTime="0.00" waitingCount="0" stopTime="0.00" timeLoss="2.95" rerouteNo="0" devices="tripinfo_49" vType="DEFAULT_VEHTYPE" speedFactor="0.92" vaporized=""/>
    <tripinfo id="24" depart="27.00" departLane="E1_0" departPos="5.10" departSpeed="0.00" departDelay="3.00" arrival="94.00" arrivalLane="-E5_0" arrivalPos="92.80" arrivalSpeed="13.08" duration="67.00" routeLength="194.70" waitingTime="42.00" waitingCount="1" stopTime="0.00" timeLoss="51.71" rerouteNo="0" devices="tripinfo_24" vType="DEFAULT_VEHTYPE" speedFactor="0.99" vaporized=""/>
    <tripinfo id="27" depart="30.00" departLane="E1_0" departPos="5.10" departSpeed="0.00" departDelay="3.00" arrival="96.00" arrivalLane="E2_0" arrivalPos="92.80" arrivalSpeed="12.00" duration="66.00" routeLength="194.90" waitingTime="39.00" waitingCount="1" stopTime="0.00" timeLoss="50.72" rerouteNo="0" devices="tripinfo_27" vType="DEFAULT_VEHTYPE" speedFactor="0.93" vaporized=""/>
    <tripinfo id="16" depart="16.00" departLane="E0_0" departPos="5.10" departSpeed="0.00" departDelay="0.00" arrival="98.00" arrivalLane="E7_0" arrivalPos="100.00" arrivalSpeed="14.81" duration="82.00" routeLength="389.73" waitingTime="45.00" waitingCount="1" stopTime="0.00" timeLoss="55.22" rerouteNo="0" devices="tripinfo_16" vType="DEFAULT_VEHTYPE" speedFactor="1.09" vaporized=""/>
    <tripinfo id="37" depart="37.00" departLane="E1_0" departPos="5.10" departSpeed="0.00" departDelay="0.00" arrival="100.00" arrivalLane="-E5_0" arrivalPos="92.80" arrivalSpeed="12.66" duration="63.00" routeLength="194.70" waitingTime="35.00" waitingCount="1" stopTime="0.00" timeLoss="46.91" rerouteNo="0" devices="tripinfo_37" vType="DEFAULT_VEHTYPE" speedFactor="0.97" vaporized=""/>
    <tripinfo id="41" depart="43.00" departLane="E1_0" departPos="5.10" departSpeed="0.00" departDelay="2.00" arrival="106.00" arrivalLane="E6_0" arrivalPos="92.80" arrivalSpeed="10.66" duration="63.00" routeLength="189.53" waitingTime="33.00" waitingCount="1" stopTime="0.00" timeLoss="45.23" rerouteNo="0" devices="tripinfo_41" vType="DEFAULT_VEHTYPE" speedFactor="0.83" vaporized=""/>
    <tripinfo id="78" depart="78.00" departLane="-E6_0" departPos="5.10" departSpeed="0.00" departDelay="0.00" arrival="107.00" arrivalLane="E2_0" arrivalPos="92.80" arrivalSpeed="13.62" duration="29.00" routeLength="189.53" waitingTime="6.00" waitingCount="1" stopTime="0.00" timeLoss="14.44" rerouteNo="0" devices="tripinfo_78" vType="DEFAULT_VEHTYPE" speedFactor="0.99" vaporized=""/>
    <tripinfo id="90" depart="90.00" departLane="E2_0" departPos="5.10" departSpeed="0.00" departDelay="0.00" arrival="107.00" arrivalLane="E3_0" arrivalPos="100.00" arrivalSpeed="14.05" duration="17.00" routeLength="187.80" waitingTime="0.00" waitingCount="0" stopTime="0.00" timeLoss="3.67" rerouteNo="0" devices="tripinfo_90" vType="DEFAULT_VEHTYPE" speedFactor="1.03" vaporized=""/>
    <tripinfo id="89" depart="89.00" departLane="-E7_0" departPos="5.10" departSpeed="0.00" departDelay="0.00" arrival="108.00" arrivalLane="-E6_0" arrivalPos="92.80" arrivalSpeed="12.17" duration="19.00" routeLength="187.80" waitingTime="0.00" waitingCount="0" stopTime="0.00" timeLoss="3.32" rerouteNo="0" devices="tripinfo_89" vType="DEFAULT_VEHTYPE" speedFactor="0.90" vaporized=""/>
    <tripinfo id="99" depart="99.00" departLane="E6_0" departPos="5.10" departSpeed="0.00" departDelay="0.00" arrival="108.00" arrivalLane="E6_0" arrivalPos="92.80" arrivalSpeed="14.35" duration="9.00" routeLength="87.70" waitingTime="0.00" waitingCount="0" stopTime="0.00" timeLoss="2.92" rerouteNo="0" devices="tripinfo_99" vType="DEFAULT_VEHTYPE" speedFactor="1.04" vaporized=""/>
    <tripinfo id="31" depart="31.00" departLane="E0_0" departPos="5.10" departSpeed="0.00" departDelay="0.00" arrival="110.00" arrivalLane="E3_0" arrivalPos="100.00" arrivalSpeed="13.00" duration="79.00" routeLength="395.10" waitingTime="35.00" waitingCount="1" stopTime="0.00" timeLoss="48.49" rerouteNo="0" devices="tripinfo_31" vType="DEFAULT_VEHTYPE" speedFactor="0.94" vaporized=""/>
    <tripinfo id="92" depart="92.00" departLane="-E6_0" departPos="5.10" departSpeed="0.00" departDelay="0.00" arrival="111.00" arrivalLane="-E5_0" arrivalPos="92.80" arrivalSpeed="13.11" duration="19.00" routeLength="194.90" waitingTime="0.00" waitingCount="0" stopTime="0.00" timeLoss="3.40" rerouteNo="0" devices="tripinfo_92" vType="DEFAULT_VEHTYPE" speedFactor="0.96" vaporized=""/>
    <tripinfo id="100" depart="102.00" departLane="E6_0" departPos="5.10" departSpeed="0.00" departDelay="2.00" arrival="118.00" arrivalLane="E7_0" arrivalPos="100.00" arrivalSpeed="14.14" duration="16.00" routeLength="187.80" waitingTime="0.00" waitingCount="0" stopTime="0.00" timeLoss="3.43" rerouteNo="0" devices="tripinfo_100" vType="DEFAULT_VEHTYPE" speedFactor="1.09" vaporized=""/>
    <tripinfo id="106" depart="106.00" departLane="-E7_0" departPos="5.10" departSpeed="0.00" departDelay="0.00" arrival="125.00" arrivalLane="-E6_0" arrivalPos="92.80" arrivalSpeed="11.29" duration="19.00" routeLength="187.80" waitingTime="0.00" waitingCount="0" stopTime="0.00" timeLoss="3.50" rerouteNo="0" devices="tripinfo_106" vType="DEFAULT_VEHTYPE" speedFactor="0.88" vaporized=""/>
    <tripinfo id="95" depart="95.00" departLane="-E7_0" departPos="5.10" departSpeed="0.00" departDelay="0.00" arrival="126.00" arrivalLane="-E4_0" arrivalPos="100.00" arrivalSpeed="14.23" duration="31.00" routeLength="395.10" waitingTime="0.00" waitingCount="0" stopTime="0.00" timeLoss="4.36" rerouteNo="0" devices="tripinfo_95" vType="DEFAULT_VEHTYPE" speedFactor="1.09" vaporized=""/>
    <tripinfo id="107" depart="107.00" departLane="E6_0" departPos="5.10" departSpeed="0.00" departDelay="0.00" arrival="127.00" arrivalLane="E7_0" arrivalPos="100.00" arrivalSpeed="11.53" duration="20.00" routeLength="187.80" waitingTime="0.00" waitingCount="0" stopTime="0.00" timeLoss="3.53" rerouteNo="0" devices="tripinfo_107" vType="DEFAULT_VEHTYPE" speedFactor="0.85" vaporized=""/>
    <tripinfo id="103" depart="106.00" departLane="-E6_0" departPos="5.10" departSpeed="0.00" departDelay="3.00" arrival="136.00" arrivalLane="-E0_0" arrivalPos="100.00" arrivalSpeed="11.54" duration="30.00" routeLength="294.80" waitingTime="0.00" waitingCount="0" stopTime="0.00" timeLoss="4.91" rerouteNo="0" devices="tripinfo_103" vType="DEFAULT_VEHTYPE" speedFactor="0.90" vaporized=""/>
    <tripinfo id="13" depart="13.00" departLane="-E2_0" departPos="5.10" departSpeed="0.00" departDelay="0.00" arrival="140.00" arrivalLane="-E1_0" arrivalPos="92.80" arrivalSpeed="11.76" duration="127.00" routeLength="194.90" waitingTime="102.00" waitingCount="1" stopTime="0.00" timeLoss="110.62" rerouteNo="0" devices="tripinfo_13" vType="DEFAULT_VEHTYPE" speedFactor="0.89" vaporized=""/>
    <tripinfo id="127" depart="127.00" departLane="E6_0" departPos="5.10" departSpeed="0.00" departDelay="0.00" arrival="143.00" arrivalLane="E7_0" arrivalPos="100.00" arrivalSpeed="15.42" duration="16.00" routeLength="187.80" waitingTime="0.00" waitingCount="0" stopTime="0.00" timeLoss="3.45" rerouteNo="0" devices="tripinfo_127" vType="DEFAULT_VEHTYPE" speedFactor="1.12" vaporized=""/>
    <tripinfo id="77" depart="77.00" departLane="-E2_0" departPos="5.10" departSpeed="0.00" departDelay="0.00" arrival="146.00" arrivalLane="-E2_0" arrivalPos="92.80" arrivalSpeed="10.54" duration="69.00" routeLength="87.70" waitingTime="49.00" waitingCount="1" stopTime="0.00" timeLoss="63.26" rerouteNo="0" devices="tripinfo_77" vType="DEFAULT_VEHTYPE" speedFactor="1.17" vaporized=""/>
    <tripinfo id="23" depart="23.00" departLane="-E2_0" departPos="5.10" departSpeed="0.00" departDelay="0.00" arrival="147.00" arrivalLane="-E4_0" arrivalPos="100.00" arrivalSpeed="15.06" duration="124.00" routeLength="289.63" waitingTime="96.00" waitingCount="1" stopTime="0.00" timeLoss="104.60" rerouteNo="0" devices="tripinfo_23" vType="DEFAULT_VEHTYPE" speedFactor="1.12" vaporized=""/>
    <tripinfo id="29" depart="32.00" departLane="-E2_0" departPos="5.10" departSpeed="0.00" departDelay="3.00" arrival="148.00" arrivalLane="-E5_0" arrivalPos="92.80" arrivalSpeed="11.69" duration="116.00" routeLength="189.53" waitingTime="89.00" waitingCount="1" stopTime="0.00" timeLoss="98.61" rerouteNo="0" devices="tripinfo_29" vType="DEFAULT_VEHTYPE" speedFactor="0.88" vaporized=""/>
    <tripinfo id="21" depart="21.00" departLane="-E3_0" departPos="5.10" departSpeed="0.00" departDelay="0.00" arrival="151.00" arrivalLane="-E4_0" arrivalPos="100.00" arrivalSpeed="14.46" duration="130.00" routeLength="389.73" waitingTime="91.00" waitingCount="1" stopTime="0.00" timeLoss="102.16" rerouteNo="0" devices="tripinfo_21" vType="DEFAULT_VEHTYPE" speedFactor="1.05" vaporized=""/>
    <tripinfo id="33" depart="33.00" departLane="-E3_0" departPos="5.10" departSpeed="0.00" departDelay="0.00" arrival="154.00" arrivalLane="-E0_0" arrivalPos="100.00" arrivalSpeed="15.53" duration="121.00" routeLength="395.10" waitingTime="82.00" waitingCount="1" stopTime="0.00" timeLoss="96.12" rerouteNo="0" devices="tripinfo_33" vType="DEFAULT_VEHTYPE" speedFactor="1.16" vaporized=""/>
    <tripinfo id="120" depart="120.00" departLane="-E7_0" departPos="5.10" departSpeed="0.00" departDelay="0.00" arrival="155.00" arrivalLane="E2_0" arrivalPos="92.80" arrivalSpeed="13.75" duration="35.00" routeLength="289.63" waitingTime="4.00" waitingCount="1" stopTime="0.00" timeLoss="13.71" rerouteNo="0" devices="tripinfo_120" vType="DEFAULT_VEHTYPE" speedFactor="1.02" vaporized=""/>
    <tripinfo id="131" depart="131.00" departLane="-E6_0" departPos="5.10" departSpeed="0.00" departDelay="0.00" arrival="157.00" arrivalLane="-E1_0" arrivalPos="92.80" arrivalSpeed="13.25" duration="26.00" routeLength="194.70" waitingTime="1.00" waitingCount="1" stopTime="0.00" timeLoss="11.01" rerouteNo="0" devices="tripinfo_131" vType="DEFAULT_VEHTYPE" speedFactor="0.99" vaporized=""/>
    <tripinfo id="35" depart="36.00" departLane="-E3_0" departPos="5.10" departSpeed="0.00" departDelay="1.00" arrival="159.00" arrivalLane="E7_0" arrivalPos="100.00" arrivalSpeed="13.69" duration="123.00" routeLength="394.90" waitingTime="81.00" waitingCount="1" stopTime="0.00" timeLoss="93.38" rerouteNo="0" devices="tripinfo_35" vType="DEFAULT_VEHTYPE" speedFactor="1.01" vaporized=""/>
    <tripinfo id="44" depart="47.00" departLane="-E2_0" departPos="5.10" departSpeed="0.00" departDelay="3.00" arrival="162.00" arrivalLane="-E0_0" arrivalPos="100.00" arrivalSpeed="12.06" duration="115.00" routeLength="295.00" waitingTime="77.00" waitingCount="1" stopTime="0.00" timeLoss="90.49" rerouteNo="0" devices="tripinfo_44" vType="DEFAULT_VEHTYPE" speedFactor="0.87" vaporized=""/>
    <tripinfo id="144" depart="144.00" departLane="-E7_0" departPos="5.10" departSpeed="0.00" departDelay="0.00" arrival="177.00" arrivalLane="-E4_0" arrivalPos="100.00" arrivalSpeed="13.85" duration="33.00" routeLength="395.10" waitingTime="0.00" waitingCount="0" stopTime="0.00" timeLoss="4.67" rerouteNo="0" devices="tripinfo_144" vType="DEFAULT_VEHTYPE" speedFactor="1.02" vaporized=""/>
    <tripinfo id="158" depart="160.00" departLane="-E6_0" departPos="5.10" departSpeed="0.00" departDelay="2.00" arrival="180.00" arrivalLane="E2_0" arrivalPos="92.80" arrivalSpeed="13.55" duration="20.00" routeLength="189.53" waitingTime="0.00" waitingCount="0" stopTime="0.00" timeLoss="5.34" rerouteNo="0" devices="tripinfo_158" vType="DEFAULT_VEHTYPE" speedFactor="0.98" vaporized=""/>
    <tripinfo id="148" depart="148.00" departLane="-E7_0" departPos="5.10" departSpeed="0.00" departDelay="0.00" arrival="185.00" arrivalLane="-E0_0" arrivalPos="100.00" arrivalSpeed="13.04" duration="37.00" routeLength="394.90" waitingTime="0.00" waitingCount="0" stopTime="0.00" timeLoss="5.30" rerouteNo="0" devices="tripinfo_148" vType="DEFAULT_VEHTYPE" speedFactor="0.94" vaporized=""/>
    <tripinfo id="169" depart="169.00" departLane="-E7_0" departPos="5.10" departSpeed="0.00" departDelay="0.00" arrival="198.00" arrivalLane="-E4_0" arrivalPos="100.00" arrivalSpeed="15.84" duration="29.00" routeLength="395.10" waitingTime="0.00" waitingCount="0" stopTime="0.00" timeLoss="3.81" rerouteNo="0" devices="tripinfo_169" vType="DEFAULT_VEHTYPE" speedFactor="1.15" vaporized=""/>
</tripinfos>
