<?xml version="1.0" encoding="UTF-8"?>

<!-- generated on 03/22/21 15:23:56 by Eclipse SUMO netedit Version 1.7.0
<configuration xmlns:xsi="http://www.w3.org/2001/XMLSchema-instance" xsi:noNamespaceSchemaLocation="http://sumo.dlr.de/xsd/netconvertConfiguration.xsd">

    <output>
        <output-file value="E:\python%20simulation%20for%20traffic%20light%20signals\Test\city-2\city2.net.xml"/>
    </output>

    <processing>
        <offset.disable-normalization value="true"/>
    </processing>

    <junctions>
        <no-turnarounds value="true"/>
    </junctions>

    <report>
        <aggregate-warnings value="5"/>
    </report>

</configuration>
-->

<net version="1.6" junctionCornerDetail="5" limitTurnSpeed="5.50" xmlns:xsi="http://www.w3.org/2001/XMLSchema-instance" xsi:noNamespaceSchemaLocation="http://sumo.dlr.de/xsd/net_file.xsd">

    <location netOffset="0.00,0.00" convBoundary="-200.00,-200.00,600.00,500.00" origBoundary="10000000000.00,10000000000.00,-10000000000.00,-10000000000.00" projParameter="!"/>

    <edge id=":gneJ10_0" function="internal">
        <lane id=":gneJ10_0_0" index="0" speed="13.89" length="0.10" shape="298.40,100.00 298.40,100.00"/>
    </edge>
    <edge id=":gneJ10_1" function="internal">
        <lane id=":gneJ10_1_0" index="0" speed="13.89" length="0.10" shape="301.60,100.00 301.60,100.00"/>
    </edge>
    <edge id=":gneJ11_0" function="internal">
        <lane id=":gneJ11_0_0" index="0" speed="13.89" length="0.10" shape="400.00,1.60 400.00,1.60"/>
    </edge>
    <edge id=":gneJ11_1" function="internal">
        <lane id=":gneJ11_1_0" index="0" speed="13.89" length="0.10" shape="400.00,-1.60 400.00,-1.60"/>
    </edge>
    <edge id=":gneJ12_0" function="internal">
        <lane id=":gneJ12_0_0" index="0" speed="6.08" length="7.74" shape="203.20,1.60 201.10,1.30 199.60,0.40 198.70,-1.10 198.40,-3.20"/>
    </edge>
    <edge id=":gneJ12_1" function="internal">
        <lane id=":gneJ12_1_0" index="0" speed="3.90" length="2.58" shape="201.60,-3.20 201.70,-2.50 202.00,-2.00 202.50,-1.70 203.20,-1.60"/>
    </edge>
    <edge id=":gneJ13_0" function="internal">
        <lane id=":gneJ13_0_0" index="0" speed="13.89" length="0.10" shape="298.40,-100.00 298.40,-100.00"/>
    </edge>
    <edge id=":gneJ13_1" function="internal">
        <lane id=":gneJ13_1_0" index="0" speed="13.89" length="0.10" shape="301.60,-100.00 301.60,-100.00"/>
    </edge>
    <edge id=":gneJ14_0" function="internal">
        <lane id=":gneJ14_0_0" index="0" speed="6.08" length="7.74" shape="203.20,201.60 201.10,201.30 199.60,200.40 198.70,198.90 198.40,196.80"/>
    </edge>
    <edge id=":gneJ14_1" function="internal">
        <lane id=":gneJ14_1_0" index="0" speed="3.90" length="2.58" shape="201.60,196.80 201.70,197.50 202.00,198.00 202.50,198.30 203.20,198.40"/>
    </edge>
    <edge id=":gneJ15_0" function="internal">
        <lane id=":gneJ15_0_0" index="0" speed="6.08" length="7.74" shape="301.60,196.80 301.30,198.90 300.40,200.40 298.90,201.30 296.80,201.60"/>
    </edge>
    <edge id=":gneJ15_1" function="internal">
        <lane id=":gneJ15_1_0" index="0" speed="3.90" length="2.58" shape="296.80,198.40 297.50,198.30 298.00,198.00 298.30,197.50 298.40,196.80"/>
    </edge>
    <edge id=":gneJ16_0" function="internal">
        <lane id=":gneJ16_0_0" index="0" speed="6.08" length="7.74" shape="103.20,301.60 101.10,301.30 99.60,300.40 98.70,298.90 98.40,296.80"/>
    </edge>
    <edge id=":gneJ16_1" function="internal">
        <lane id=":gneJ16_1_0" index="0" speed="3.90" length="2.58" shape="101.60,296.80 101.70,297.50 102.00,298.00 102.50,298.30 103.20,298.40"/>
    </edge>
    <edge id=":gneJ17_0" function="internal">
        <lane id=":gneJ17_0_0" index="0" speed="13.89" length="0.10" shape="300.00,301.60 300.00,301.60"/>
    </edge>
    <edge id=":gneJ17_1" function="internal">
        <lane id=":gneJ17_1_0" index="0" speed="13.89" length="0.10" shape="300.00,298.40 300.00,298.40"/>
    </edge>
    <edge id=":gneJ18_0" function="internal">
        <lane id=":gneJ18_0_0" index="0" speed="6.08" length="7.74" shape="401.60,296.80 401.30,298.90 400.40,300.40 398.90,301.30 396.80,301.60"/>
    </edge>
    <edge id=":gneJ18_1" function="internal">
        <lane id=":gneJ18_1_0" index="0" speed="3.90" length="2.58" shape="396.80,298.40 397.50,298.30 398.00,298.00 398.30,297.50 398.40,296.80"/>
    </edge>
    <edge id=":gneJ19_0" function="internal">
        <lane id=":gneJ19_0_0" index="0" speed="6.08" length="7.74" shape="398.40,103.20 398.70,101.10 399.60,99.60 401.10,98.70 403.20,98.40"/>
    </edge>
    <edge id=":gneJ19_1" function="internal">
        <lane id=":gneJ19_1_0" index="0" speed="3.90" length="2.58" shape="403.20,101.60 402.50,101.70 402.00,102.00 401.70,102.50 401.60,103.20"/>
    </edge>
    <edge id=":gneJ20_0" function="internal">
        <lane id=":gneJ20_0_0" index="0" speed="6.08" length="7.74" shape="501.60,96.80 501.30,98.90 500.40,100.40 498.90,101.30 496.80,101.60"/>
    </edge>
    <edge id=":gneJ20_1" function="internal">
        <lane id=":gneJ20_1_0" index="0" speed="3.90" length="2.58" shape="496.80,98.40 497.50,98.30 498.00,98.00 498.30,97.50 498.40,96.80"/>
    </edge>
    <edge id=":gneJ26_0" function="internal">
        <lane id=":gneJ26_0_0" index="0" speed="6.08" length="7.74" shape="-98.40,296.80 -98.70,298.90 -99.60,300.40 -101.10,301.30 -103.20,301.60"/>
    </edge>
    <edge id=":gneJ26_1" function="internal">
        <lane id=":gneJ26_1_0" index="0" speed="3.90" length="2.58" shape="-103.20,298.40 -102.50,298.30 -102.00,298.00 -101.70,297.50 -101.60,296.80"/>
    </edge>
    <edge id=":gneJ27_0" function="internal">
        <lane id=":gneJ27_0_0" index="0" speed="6.08" length="7.74" shape="-101.60,103.20 -101.30,101.10 -100.40,99.60 -98.90,98.70 -96.80,98.40"/>
    </edge>
    <edge id=":gneJ27_1" function="internal">
        <lane id=":gneJ27_1_0" index="0" speed="3.90" length="2.58" shape="-96.80,101.60 -97.50,101.70 -98.00,102.00 -98.30,102.50 -98.40,103.20"/>
    </edge>
    <edge id=":gneJ29_0" function="internal">
        <lane id=":gneJ29_0_0" index="0" speed="6.08" length="7.74" shape="1.60,396.80 1.30,398.90 0.40,400.40 -1.10,401.30 -3.20,401.60"/>
    </edge>
    <edge id=":gneJ29_1" function="internal">
        <lane id=":gneJ29_1_0" index="0" speed="3.90" length="2.58" shape="-3.20,398.40 -2.50,398.30 -2.00,398.00 -1.70,397.50 -1.60,396.80"/>
    </edge>
    <edge id=":gneJ34_0" function="internal">
        <lane id=":gneJ34_0_0" index="0" speed="6.63" length="3.77" shape="101.33,401.60 100.37,401.51 99.48,401.25 98.67,400.81 97.93,400.19"/>
    </edge>
    <edge id=":gneJ34_1" function="internal">
        <lane id=":gneJ34_1_0" index="0" speed="4.20" length="1.26" shape="100.19,397.93 100.44,398.14 100.71,398.28 101.01,398.37 101.33,398.40"/>
    </edge>
    <edge id=":gneJ35_0" function="internal">
        <lane id=":gneJ35_0_0" index="0" speed="13.89" length="0.10" shape="200.00,401.60 200.00,401.60"/>
    </edge>
    <edge id=":gneJ35_1" function="internal">
        <lane id=":gneJ35_1_0" index="0" speed="13.89" length="0.10" shape="200.00,398.40 200.00,398.40"/>
    </edge>
    <edge id=":gneJ36_0" function="internal">
        <lane id=":gneJ36_0_0" index="0" speed="6.63" length="3.77" shape="402.07,400.19 401.33,400.81 400.52,401.25 399.63,401.51 398.67,401.60"/>
    </edge>
    <edge id=":gneJ36_1" function="internal">
        <lane id=":gneJ36_1_0" index="0" speed="4.20" length="1.26" shape="398.67,398.40 398.99,398.37 399.29,398.28 399.56,398.14 399.81,397.93"/>
    </edge>
    <edge id=":gneJ37_0" function="internal">
        <lane id=":gneJ37_0_0" index="0" speed="4.12" length="4.78" shape="598.40,207.73 598.23,206.21 597.72,205.51 596.86,205.64 595.67,206.59"/>
    </edge>
    <edge id=":gneJ37_1" function="internal">
        <lane id=":gneJ37_1_0" index="0" speed="6.49" length="14.35" shape="593.41,204.33 596.99,201.47 599.55,201.08 601.09,203.17 601.60,207.73"/>
    </edge>
    <edge id=":gneJ38_0" function="internal">
        <lane id=":gneJ38_0_0" index="0" speed="6.08" length="7.74" shape="601.60,496.80 601.30,498.90 600.40,500.40 598.90,501.30 596.80,501.60"/>
    </edge>
    <edge id=":gneJ38_1" function="internal">
        <lane id=":gneJ38_1_0" index="0" speed="3.90" length="2.58" shape="596.80,498.40 597.50,498.30 598.00,498.00 598.30,497.50 598.40,496.80"/>
    </edge>
    <edge id=":gneJ4_0" function="internal">
        <lane id=":gneJ4_0_0" index="0" speed="6.51" length="9.03" shape="-1.60,107.20 -1.95,104.75 -3.00,103.00 -4.75,101.95 -7.20,101.60"/>
    </edge>
    <edge id=":gneJ4_1" function="internal">
        <lane id=":gneJ4_1_0" index="0" speed="8.00" length="14.19" shape="-1.60,107.20 -1.05,103.35 0.60,100.60 3.35,98.95 7.20,98.40"/>
    </edge>
    <edge id=":gneJ4_2" function="internal">
        <lane id=":gneJ4_2_0" index="0" speed="6.51" length="9.03" shape="7.20,101.60 4.75,101.95 3.00,103.00 1.95,104.75 1.60,107.20"/>
    </edge>
    <edge id=":gneJ4_3" function="internal">
        <lane id=":gneJ4_3_0" index="0" speed="13.89" length="14.40" shape="7.20,101.60 -7.20,101.60"/>
    </edge>
    <edge id=":gneJ4_4" function="internal">
        <lane id=":gneJ4_4_0" index="0" speed="13.89" length="14.40" shape="-7.20,98.40 7.20,98.40"/>
    </edge>
    <edge id=":gneJ4_5" function="internal">
        <lane id=":gneJ4_5_0" index="0" speed="8.00" length="5.93" shape="-7.20,98.40 -3.35,98.95 -1.60,100.00"/>
    </edge>
    <edge id=":gneJ4_6" function="internal">
        <lane id=":gneJ4_6_0" index="0" speed="8.00" length="8.26" shape="-1.60,100.00 -0.60,100.60 1.05,103.35 1.60,107.20"/>
    </edge>
    <edge id=":gneJ40_0" function="internal">
        <lane id=":gneJ40_0_0" index="0" speed="6.69" length="3.84" shape="498.40,201.33 498.44,200.20 498.62,199.43 499.04,198.75 499.81,197.93"/>
    </edge>
    <edge id=":gneJ40_1" function="internal">
        <lane id=":gneJ40_1_0" index="0" speed="4.20" length="1.26" shape="502.07,200.19 501.86,200.44 501.72,200.71 501.63,201.01 501.60,201.33"/>
    </edge>
    <edge id=":gneJ41_0" function="internal">
        <lane id=":gneJ41_0_0" index="0" speed="6.63" length="3.77" shape="601.60,98.67 601.51,99.63 601.25,100.52 600.81,101.33 600.19,102.07"/>
    </edge>
    <edge id=":gneJ41_1" function="internal">
        <lane id=":gneJ41_1_0" index="0" speed="4.15" length="1.22" shape="597.93,99.81 598.40,98.67"/>
    </edge>
    <edge id=":gneJ44_0" function="internal">
        <lane id=":gneJ44_0_0" index="0" speed="6.08" length="7.74" shape="298.40,-196.80 298.70,-198.90 299.60,-200.40 301.10,-201.30 303.20,-201.60"/>
    </edge>
    <edge id=":gneJ44_1" function="internal">
        <lane id=":gneJ44_1_0" index="0" speed="3.90" length="2.58" shape="303.20,-198.40 302.50,-198.30 302.00,-198.00 301.70,-197.50 301.60,-196.80"/>
    </edge>
    <edge id=":gneJ5_0" function="internal">
        <lane id=":gneJ5_0_0" index="0" speed="6.51" length="9.03" shape="98.40,107.20 98.05,104.75 97.00,103.00 95.25,101.95 92.80,101.60"/>
    </edge>
    <edge id=":gneJ5_1" function="internal">
        <lane id=":gneJ5_1_0" index="0" speed="13.89" length="14.40" shape="98.40,107.20 98.40,92.80"/>
    </edge>
    <edge id=":gneJ5_2" function="internal">
        <lane id=":gneJ5_2_0" index="0" speed="8.00" length="5.93" shape="98.40,107.20 98.95,103.35 100.00,101.60"/>
    </edge>
    <edge id=":gneJ5_12" function="internal">
        <lane id=":gneJ5_12_0" index="0" speed="8.00" length="8.26" shape="100.00,101.60 100.60,100.60 103.35,98.95 107.20,98.40"/>
    </edge>
    <edge id=":gneJ5_3" function="internal">
        <lane id=":gneJ5_3_0" index="0" speed="6.51" length="9.03" shape="107.20,101.60 104.75,101.95 103.00,103.00 101.95,104.75 101.60,107.20"/>
    </edge>
    <edge id=":gneJ5_4" function="internal">
        <lane id=":gneJ5_4_0" index="0" speed="13.89" length="14.40" shape="107.20,101.60 92.80,101.60"/>
    </edge>
    <edge id=":gneJ5_5" function="internal">
        <lane id=":gneJ5_5_0" index="0" speed="8.00" length="5.93" shape="107.20,101.60 103.35,101.05 101.60,100.00"/>
    </edge>
    <edge id=":gneJ5_13" function="internal">
        <lane id=":gneJ5_13_0" index="0" speed="8.00" length="8.26" shape="101.60,100.00 100.60,99.40 98.95,96.65 98.40,92.80"/>
    </edge>
    <edge id=":gneJ5_6" function="internal">
        <lane id=":gneJ5_6_0" index="0" speed="6.51" length="9.03" shape="101.60,92.80 101.95,95.25 103.00,97.00 104.75,98.05 107.20,98.40"/>
    </edge>
    <edge id=":gneJ5_7" function="internal">
        <lane id=":gneJ5_7_0" index="0" speed="13.89" length="14.40" shape="101.60,92.80 101.60,107.20"/>
    </edge>
    <edge id=":gneJ5_8" function="internal">
        <lane id=":gneJ5_8_0" index="0" speed="8.00" length="5.93" shape="101.60,92.80 101.05,96.65 100.00,98.40"/>
    </edge>
    <edge id=":gneJ5_14" function="internal">
        <lane id=":gneJ5_14_0" index="0" speed="8.00" length="8.26" shape="100.00,98.40 99.40,99.40 96.65,101.05 92.80,101.60"/>
    </edge>
    <edge id=":gneJ5_9" function="internal">
        <lane id=":gneJ5_9_0" index="0" speed="6.51" length="9.03" shape="92.80,98.40 95.25,98.05 97.00,97.00 98.05,95.25 98.40,92.80"/>
    </edge>
    <edge id=":gneJ5_10" function="internal">
        <lane id=":gneJ5_10_0" index="0" speed="13.89" length="14.40" shape="92.80,98.40 107.20,98.40"/>
    </edge>
    <edge id=":gneJ5_11" function="internal">
        <lane id=":gneJ5_11_0" index="0" speed="8.00" length="5.93" shape="92.80,98.40 96.65,98.95 98.40,100.00"/>
    </edge>
    <edge id=":gneJ5_15" function="internal">
        <lane id=":gneJ5_15_0" index="0" speed="8.00" length="8.26" shape="98.40,100.00 99.40,100.60 101.05,103.35 101.60,107.20"/>
    </edge>
    <edge id=":gneJ6_0" function="internal">
        <lane id=":gneJ6_0_0" index="0" speed="3.90" length="2.58" shape="198.40,103.20 198.30,102.50 198.00,102.00 197.50,101.70 196.80,101.60"/>
    </edge>
    <edge id=":gneJ6_1" function="internal">
        <lane id=":gneJ6_1_0" index="0" speed="6.08" length="7.74" shape="196.80,98.40 198.90,98.70 200.40,99.60 201.30,101.10 201.60,103.20"/>
    </edge>
    <edge id=":gneJ7_0" function="internal">
        <lane id=":gneJ7_0_0" index="0" speed="13.89" length="0.10" shape="98.40,200.00 98.40,200.00"/>
    </edge>
    <edge id=":gneJ7_1" function="internal">
        <lane id=":gneJ7_1_0" index="0" speed="13.89" length="0.10" shape="101.60,200.00 101.60,200.00"/>
    </edge>
    <edge id=":gneJ8_0" function="internal">
        <lane id=":gneJ8_0_0" index="0" speed="6.51" length="9.03" shape="98.40,7.20 98.05,4.75 97.00,3.00 95.25,1.95 92.80,1.60"/>
    </edge>
    <edge id=":gneJ8_1" function="internal">
        <lane id=":gneJ8_1_0" index="0" speed="13.89" length="14.40" shape="98.40,7.20 98.40,-7.20"/>
    </edge>
    <edge id=":gneJ8_2" function="internal">
        <lane id=":gneJ8_2_0" index="0" speed="13.89" length="14.40" shape="101.60,-7.20 101.60,7.20"/>
    </edge>
    <edge id=":gneJ8_3" function="internal">
        <lane id=":gneJ8_3_0" index="0" speed="8.00" length="5.93" shape="101.60,-7.20 101.05,-3.35 100.00,-1.60"/>
    </edge>
    <edge id=":gneJ8_6" function="internal">
        <lane id=":gneJ8_6_0" index="0" speed="8.00" length="8.26" shape="100.00,-1.60 99.40,-0.60 96.65,1.05 92.80,1.60"/>
    </edge>
    <edge id=":gneJ8_4" function="internal">
        <lane id=":gneJ8_4_0" index="0" speed="6.51" length="9.03" shape="92.80,-1.60 95.25,-1.95 97.00,-3.00 98.05,-4.75 98.40,-7.20"/>
    </edge>
    <edge id=":gneJ8_5" function="internal">
        <lane id=":gneJ8_5_0" index="0" speed="8.00" length="14.19" shape="92.80,-1.60 96.65,-1.05 99.40,0.60 101.05,3.35 101.60,7.20"/>
    </edge>
    <edge id=":gneJ9_0" function="internal">
        <lane id=":gneJ9_0_0" index="0" speed="6.51" length="9.03" shape="298.40,7.20 298.05,4.75 297.00,3.00 295.25,1.95 292.80,1.60"/>
    </edge>
    <edge id=":gneJ9_1" function="internal">
        <lane id=":gneJ9_1_0" index="0" speed="13.89" length="14.40" shape="298.40,7.20 298.40,-7.20"/>
    </edge>
    <edge id=":gneJ9_2" function="internal">
        <lane id=":gneJ9_2_0" index="0" speed="8.00" length="5.93" shape="298.40,7.20 298.95,3.35 300.00,1.60"/>
    </edge>
    <edge id=":gneJ9_12" function="internal">
        <lane id=":gneJ9_12_0" index="0" speed="8.00" length="8.26" shape="300.00,1.60 300.60,0.60 303.35,-1.05 307.20,-1.60"/>
    </edge>
    <edge id=":gneJ9_3" function="internal">
        <lane id=":gneJ9_3_0" index="0" speed="6.51" length="9.03" shape="307.20,1.60 304.75,1.95 303.00,3.00 301.95,4.75 301.60,7.20"/>
    </edge>
    <edge id=":gneJ9_4" function="internal">
        <lane id=":gneJ9_4_0" index="0" speed="13.89" length="14.40" shape="307.20,1.60 292.80,1.60"/>
    </edge>
    <edge id=":gneJ9_5" function="internal">
        <lane id=":gneJ9_5_0" index="0" speed="8.00" length="5.93" shape="307.20,1.60 303.35,1.05 301.60,0.00"/>
    </edge>
    <edge id=":gneJ9_13" function="internal">
        <lane id=":gneJ9_13_0" index="0" speed="8.00" length="8.26" shape="301.60,0.00 300.60,-0.60 298.95,-3.35 298.40,-7.20"/>
    </edge>
    <edge id=":gneJ9_6" function="internal">
        <lane id=":gneJ9_6_0" index="0" speed="6.51" length="9.03" shape="301.60,-7.20 301.95,-4.75 303.00,-3.00 304.75,-1.95 307.20,-1.60"/>
    </edge>
    <edge id=":gneJ9_7" function="internal">
        <lane id=":gneJ9_7_0" index="0" speed="13.89" length="14.40" shape="301.60,-7.20 301.60,7.20"/>
    </edge>
    <edge id=":gneJ9_8" function="internal">
        <lane id=":gneJ9_8_0" index="0" speed="8.00" length="5.93" shape="301.60,-7.20 301.05,-3.35 300.00,-1.60"/>
    </edge>
    <edge id=":gneJ9_14" function="internal">
        <lane id=":gneJ9_14_0" index="0" speed="8.00" length="8.26" shape="300.00,-1.60 299.40,-0.60 296.65,1.05 292.80,1.60"/>
    </edge>
    <edge id=":gneJ9_9" function="internal">
        <lane id=":gneJ9_9_0" index="0" speed="6.51" length="9.03" shape="292.80,-1.60 295.25,-1.95 297.00,-3.00 298.05,-4.75 298.40,-7.20"/>
    </edge>
    <edge id=":gneJ9_10" function="internal">
        <lane id=":gneJ9_10_0" index="0" speed="13.89" length="14.40" shape="292.80,-1.60 307.20,-1.60"/>
    </edge>
    <edge id=":gneJ9_11" function="internal">
        <lane id=":gneJ9_11_0" index="0" speed="8.00" length="5.93" shape="292.80,-1.60 296.65,-1.05 298.40,-0.00"/>
    </edge>
    <edge id=":gneJ9_15" function="internal">
        <lane id=":gneJ9_15_0" index="0" speed="8.00" length="8.26" shape="298.40,-0.00 299.40,0.60 301.05,3.35 301.60,7.20"/>
    </edge>

    <edge id="-gneE10" from="gneJ14" to="gneJ6" priority="-1">
        <lane id="-gneE10_0" index="0" speed="13.89" length="93.60" shape="198.40,196.80 198.40,103.20"/>
    </edge>
    <edge id="-gneE11" from="gneJ15" to="gneJ14" priority="-1">
        <lane id="-gneE11_0" index="0" speed="13.89" length="93.60" shape="296.80,201.60 203.20,201.60"/>
    </edge>
    <edge id="-gneE12" from="gneJ10" to="gneJ15" priority="-1">
        <lane id="-gneE12_0" index="0" speed="13.89" length="96.80" shape="301.60,100.00 301.60,196.80"/>
    </edge>
    <edge id="-gneE13" from="gneJ7" to="gneJ16" priority="-1">
        <lane id="-gneE13_0" index="0" speed="13.89" length="96.80" shape="101.60,200.00 101.60,296.80"/>
    </edge>
    <edge id="-gneE14" from="gneJ17" to="gneJ16" priority="-1">
        <lane id="-gneE14_0" index="0" speed="13.89" length="196.80" shape="300.00,301.60 103.20,301.60"/>
    </edge>
    <edge id="-gneE15" from="gneJ18" to="gneJ17" priority="-1">
        <lane id="-gneE15_0" index="0" speed="13.89" length="96.80" shape="396.80,301.60 300.00,301.60"/>
    </edge>
    <edge id="-gneE16" from="gneJ19" to="gneJ18" priority="-1">
        <lane id="-gneE16_0" index="0" speed="13.89" length="193.60" shape="401.60,103.20 401.60,296.80"/>
    </edge>
    <edge id="-gneE17" from="gneJ20" to="gneJ19" priority="-1">
        <lane id="-gneE17_0" index="0" speed="13.89" length="93.60" shape="496.80,101.60 403.20,101.60"/>
    </edge>
    <edge id="-gneE18" from="gneJ21" to="gneJ20" priority="-1">
        <lane id="-gneE18_0" index="0" speed="13.89" length="196.80" shape="501.60,-100.00 501.60,96.80"/>
    </edge>
    <edge id="-gneE19" from="gneJ22" to="gneJ11" priority="-1">
        <lane id="-gneE19_0" index="0" speed="13.89" length="100.00" shape="500.00,1.60 400.00,1.60"/>
    </edge>
    <edge id="-gneE2" from="gneJ5" to="gneJ4" priority="-1">
        <lane id="-gneE2_0" index="0" speed="13.89" length="85.60" shape="92.80,101.60 7.20,101.60"/>
    </edge>
    <edge id="-gneE20" from="gneJ23" to="gneJ8" priority="-1">
        <lane id="-gneE20_0" index="0" speed="13.89" length="192.80" shape="101.60,-200.00 101.60,-7.20"/>
    </edge>
    <edge id="-gneE21" from="gneJ24" to="gneJ12" priority="-1">
        <lane id="-gneE21_0" index="0" speed="13.89" length="196.80" shape="201.60,-200.00 201.60,-3.20"/>
    </edge>
    <edge id="-gneE22" from="gneJ26" to="gneJ25" priority="-1">
        <lane id="-gneE22_0" index="0" speed="13.89" length="96.80" shape="-103.20,301.60 -200.00,301.60"/>
    </edge>
    <edge id="-gneE23" from="gneJ27" to="gneJ26" priority="-1">
        <lane id="-gneE23_0" index="0" speed="13.89" length="193.60" shape="-98.40,103.20 -98.40,296.80"/>
    </edge>
    <edge id="-gneE24" from="gneJ4" to="gneJ27" priority="-1">
        <lane id="-gneE24_0" index="0" speed="13.89" length="89.60" shape="-7.20,101.60 -96.80,101.60"/>
    </edge>
    <edge id="-gneE25" from="gneJ29" to="gneJ28" priority="-1">
        <lane id="-gneE25_0" index="0" speed="13.89" length="196.80" shape="-3.20,401.60 -200.00,401.60"/>
    </edge>
    <edge id="-gneE26" from="gneJ4" to="gneJ29" priority="-1">
        <lane id="-gneE26_0" index="0" speed="13.89" length="289.60" shape="1.60,107.20 1.60,396.80"/>
    </edge>
    <edge id="-gneE29" from="gneJ8" to="gneJ32" priority="-1">
        <lane id="-gneE29_0" index="0" speed="13.89" length="292.80" shape="92.80,1.60 -200.00,1.60"/>
    </edge>
    <edge id="-gneE3" from="gneJ5" to="gneJ6" priority="-1">
        <lane id="-gneE3_0" index="0" speed="13.89" length="89.60" shape="107.20,98.40 196.80,98.40"/>
    </edge>
    <edge id="-gneE30" from="gneJ34" to="gneJ33" priority="-1">
        <lane id="-gneE30_0" index="0" speed="13.89" length="140.10" shape="97.93,400.19 -1.13,301.13"/>
    </edge>
    <edge id="-gneE31" from="gneJ35" to="gneJ34" priority="-1">
        <lane id="-gneE31_0" index="0" speed="13.89" length="98.67" shape="200.00,401.60 101.33,401.60"/>
    </edge>
    <edge id="-gneE32" from="gneJ36" to="gneJ35" priority="-1">
        <lane id="-gneE32_0" index="0" speed="13.89" length="198.67" shape="398.67,401.60 200.00,401.60"/>
    </edge>
    <edge id="-gneE33" from="gneJ37" to="gneJ36" priority="-1">
        <lane id="-gneE33_0" index="0" speed="13.89" length="273.79" shape="595.67,206.59 402.07,400.19"/>
    </edge>
    <edge id="-gneE34" from="gneJ38" to="gneJ37" priority="-1">
        <lane id="-gneE34_0" index="0" speed="13.89" length="289.07" shape="598.40,496.80 598.40,207.73"/>
    </edge>
    <edge id="-gneE35" from="gneJ40" to="gneJ39" priority="-1">
        <lane id="-gneE35_0" index="0" speed="13.89" length="98.67" shape="501.60,201.33 501.60,300.00"/>
    </edge>
    <edge id="-gneE36" from="gneJ41" to="gneJ40" priority="-1">
        <lane id="-gneE36_0" index="0" speed="13.89" length="138.77" shape="600.19,102.07 502.07,200.19"/>
    </edge>
    <edge id="-gneE37" from="gneJ42" to="gneJ41" priority="-1">
        <lane id="-gneE37_0" index="0" speed="13.89" length="198.67" shape="601.60,-100.00 601.60,98.67"/>
    </edge>
    <edge id="-gneE38" from="gneJ38" to="gneJ43" priority="-1">
        <lane id="-gneE38_0" index="0" speed="13.89" length="796.80" shape="596.80,501.60 -200.00,501.60"/>
    </edge>
    <edge id="-gneE39" from="gneJ44" to="gneJ13" priority="-1">
        <lane id="-gneE39_0" index="0" speed="13.89" length="96.80" shape="301.60,-196.80 301.60,-100.00"/>
    </edge>
    <edge id="-gneE4" from="gneJ5" to="gneJ7" priority="-1">
        <lane id="-gneE4_0" index="0" speed="13.89" length="92.80" shape="101.60,107.20 101.60,200.00"/>
    </edge>
    <edge id="-gneE40" from="gneJ45" to="gneJ44" priority="-1">
        <lane id="-gneE40_0" index="0" speed="13.89" length="296.80" shape="600.00,-198.40 303.20,-198.40"/>
    </edge>
    <edge id="-gneE5" from="gneJ8" to="gneJ5" priority="-1">
        <lane id="-gneE5_0" index="0" speed="13.89" length="85.60" shape="101.60,7.20 101.60,92.80"/>
    </edge>
    <edge id="-gneE6" from="gneJ10" to="gneJ9" priority="-1">
        <lane id="-gneE6_0" index="0" speed="13.89" length="92.80" shape="298.40,100.00 298.40,7.20"/>
    </edge>
    <edge id="-gneE7" from="gneJ11" to="gneJ9" priority="-1">
        <lane id="-gneE7_0" index="0" speed="13.89" length="92.80" shape="400.00,1.60 307.20,1.60"/>
    </edge>
    <edge id="-gneE8" from="gneJ12" to="gneJ9" priority="-1">
        <lane id="-gneE8_0" index="0" speed="13.89" length="89.60" shape="203.20,-1.60 292.80,-1.60"/>
    </edge>
    <edge id="-gneE9" from="gneJ13" to="gneJ9" priority="-1">
        <lane id="-gneE9_0" index="0" speed="13.89" length="92.80" shape="301.60,-100.00 301.60,-7.20"/>
    </edge>
    <edge id="gneE10" from="gneJ6" to="gneJ14" priority="-1">
        <lane id="gneE10_0" index="0" speed="13.89" length="93.60" shape="201.60,103.20 201.60,196.80"/>
    </edge>
    <edge id="gneE11" from="gneJ14" to="gneJ15" priority="-1">
        <lane id="gneE11_0" index="0" speed="13.89" length="93.60" shape="203.20,198.40 296.80,198.40"/>
    </edge>
    <edge id="gneE12" from="gneJ15" to="gneJ10" priority="-1">
        <lane id="gneE12_0" index="0" speed="13.89" length="96.80" shape="298.40,196.80 298.40,100.00"/>
    </edge>
    <edge id="gneE13" from="gneJ16" to="gneJ7" priority="-1">
        <lane id="gneE13_0" index="0" speed="13.89" length="96.80" shape="98.40,296.80 98.40,200.00"/>
    </edge>
    <edge id="gneE14" from="gneJ16" to="gneJ17" priority="-1">
        <lane id="gneE14_0" index="0" speed="13.89" length="196.80" shape="103.20,298.40 300.00,298.40"/>
    </edge>
    <edge id="gneE15" from="gneJ17" to="gneJ18" priority="-1">
        <lane id="gneE15_0" index="0" speed="13.89" length="96.80" shape="300.00,298.40 396.80,298.40"/>
    </edge>
    <edge id="gneE16" from="gneJ18" to="gneJ19" priority="-1">
        <lane id="gneE16_0" index="0" speed="13.89" length="193.60" shape="398.40,296.80 398.40,103.20"/>
    </edge>
    <edge id="gneE17" from="gneJ19" to="gneJ20" priority="-1">
        <lane id="gneE17_0" index="0" speed="13.89" length="93.60" shape="403.20,98.40 496.80,98.40"/>
    </edge>
    <edge id="gneE18" from="gneJ20" to="gneJ21" priority="-1">
        <lane id="gneE18_0" index="0" speed="13.89" length="196.80" shape="498.40,96.80 498.40,-100.00"/>
    </edge>
    <edge id="gneE19" from="gneJ11" to="gneJ22" priority="-1">
        <lane id="gneE19_0" index="0" speed="13.89" length="100.00" shape="400.00,-1.60 500.00,-1.60"/>
    </edge>
    <edge id="gneE2" from="gneJ4" to="gneJ5" priority="-1">
        <lane id="gneE2_0" index="0" speed="13.89" length="85.60" shape="7.20,98.40 92.80,98.40"/>
    </edge>
    <edge id="gneE20" from="gneJ8" to="gneJ23" priority="-1">
        <lane id="gneE20_0" index="0" speed="13.89" length="192.80" shape="98.40,-7.20 98.40,-200.00"/>
    </edge>
    <edge id="gneE21" from="gneJ12" to="gneJ24" priority="-1">
        <lane id="gneE21_0" index="0" speed="13.89" length="196.80" shape="198.40,-3.20 198.40,-200.00"/>
    </edge>
    <edge id="gneE22" from="gneJ25" to="gneJ26" priority="-1">
        <lane id="gneE22_0" index="0" speed="13.89" length="96.80" shape="-200.00,298.40 -103.20,298.40"/>
    </edge>
    <edge id="gneE23" from="gneJ26" to="gneJ27" priority="-1">
        <lane id="gneE23_0" index="0" speed="13.89" length="193.60" shape="-101.60,296.80 -101.60,103.20"/>
    </edge>
    <edge id="gneE24" from="gneJ27" to="gneJ4" priority="-1">
        <lane id="gneE24_0" index="0" speed="13.89" length="89.60" shape="-96.80,98.40 -7.20,98.40"/>
    </edge>
    <edge id="gneE25" from="gneJ28" to="gneJ29" priority="-1">
        <lane id="gneE25_0" index="0" speed="13.89" length="196.80" shape="-200.00,398.40 -3.20,398.40"/>
    </edge>
    <edge id="gneE26" from="gneJ29" to="gneJ4" priority="-1">
        <lane id="gneE26_0" index="0" speed="13.89" length="289.60" shape="-1.60,396.80 -1.60,107.20"/>
    </edge>
    <edge id="gneE29" from="gneJ32" to="gneJ8" priority="-1">
        <lane id="gneE29_0" index="0" speed="13.89" length="292.80" shape="-200.00,-1.60 92.80,-1.60"/>
    </edge>
    <edge id="gneE3" from="gneJ6" to="gneJ5" priority="-1">
        <lane id="gneE3_0" index="0" speed="13.89" length="89.60" shape="196.80,101.60 107.20,101.60"/>
    </edge>
    <edge id="gneE30" from="gneJ33" to="gneJ34" priority="-1">
        <lane id="gneE30_0" index="0" speed="13.89" length="140.10" shape="1.13,298.87 100.19,397.93"/>
    </edge>
    <edge id="gneE31" from="gneJ34" to="gneJ35" priority="-1">
        <lane id="gneE31_0" index="0" speed="13.89" length="98.67" shape="101.33,398.40 200.00,398.40"/>
    </edge>
    <edge id="gneE32" from="gneJ35" to="gneJ36" priority="-1">
        <lane id="gneE32_0" index="0" speed="13.89" length="198.67" shape="200.00,398.40 398.67,398.40"/>
    </edge>
    <edge id="gneE33" from="gneJ36" to="gneJ37" priority="-1">
        <lane id="gneE33_0" index="0" speed="13.89" length="273.79" shape="399.81,397.93 593.41,204.33"/>
    </edge>
    <edge id="gneE34" from="gneJ37" to="gneJ38" priority="-1">
        <lane id="gneE34_0" index="0" speed="13.89" length="289.07" shape="601.60,207.73 601.60,496.80"/>
    </edge>
    <edge id="gneE35" from="gneJ39" to="gneJ40" priority="-1">
        <lane id="gneE35_0" index="0" speed="13.89" length="98.67" shape="498.40,300.00 498.40,201.33"/>
    </edge>
    <edge id="gneE36" from="gneJ40" to="gneJ41" priority="-1">
        <lane id="gneE36_0" index="0" speed="13.89" length="138.77" shape="499.81,197.93 597.93,99.81"/>
    </edge>
    <edge id="gneE37" from="gneJ41" to="gneJ42" priority="-1">
        <lane id="gneE37_0" index="0" speed="13.89" length="198.67" shape="598.40,98.67 598.40,-100.00"/>
    </edge>
    <edge id="gneE38" from="gneJ43" to="gneJ38" priority="-1">
        <lane id="gneE38_0" index="0" speed="13.89" length="796.80" shape="-200.00,498.40 596.80,498.40"/>
    </edge>
    <edge id="gneE39" from="gneJ13" to="gneJ44" priority="-1">
        <lane id="gneE39_0" index="0" speed="13.89" length="96.80" shape="298.40,-100.00 298.40,-196.80"/>
    </edge>
    <edge id="gneE4" from="gneJ7" to="gneJ5" priority="-1">
        <lane id="gneE4_0" index="0" speed="13.89" length="92.80" shape="98.40,200.00 98.40,107.20"/>
    </edge>
    <edge id="gneE40" from="gneJ44" to="gneJ45" priority="-1">
        <lane id="gneE40_0" index="0" speed="13.89" length="296.80" shape="303.20,-201.60 600.00,-201.60"/>
    </edge>
    <edge id="gneE5" from="gneJ5" to="gneJ8" priority="-1">
        <lane id="gneE5_0" index="0" speed="13.89" length="85.60" shape="98.40,92.80 98.40,7.20"/>
    </edge>
    <edge id="gneE6" from="gneJ9" to="gneJ10" priority="-1">
        <lane id="gneE6_0" index="0" speed="13.89" length="92.80" shape="301.60,7.20 301.60,100.00"/>
    </edge>
    <edge id="gneE7" from="gneJ9" to="gneJ11" priority="-1">
        <lane id="gneE7_0" index="0" speed="13.89" length="92.80" shape="307.20,-1.60 400.00,-1.60"/>
    </edge>
    <edge id="gneE8" from="gneJ9" to="gneJ12" priority="-1">
        <lane id="gneE8_0" index="0" speed="13.89" length="89.60" shape="292.80,1.60 203.20,1.60"/>
    </edge>
    <edge id="gneE9" from="gneJ9" to="gneJ13" priority="-1">
        <lane id="gneE9_0" index="0" speed="13.89" length="92.80" shape="298.40,-7.20 298.40,-100.00"/>
    </edge>

    <tlLogic id="gneJ5" type="static" programID="0" offset="0">
        <phase duration="42" state="GGgrrrGGgrrr"/>
        <phase duration="3"  state="yyyrrryyyrrr"/>
        <phase duration="42" state="rrrGGgrrrGGg"/>
        <phase duration="3"  state="rrryyyrrryyy"/>
    </tlLogic>
    <tlLogic id="gneJ9" type="static" programID="0" offset="0">
        <phase duration="42" state="GGgrrrGGgrrr"/>
        <phase duration="3"  state="yyyrrryyyrrr"/>
        <phase duration="42" state="rrrGGgrrrGGg"/>
        <phase duration="3"  state="rrryyyrrryyy"/>
    </tlLogic>

    <junction id="gneJ10" type="priority" x="300.00" y="100.00" incLanes="gneE12_0 gneE6_0" intLanes=":gneJ10_0_0 :gneJ10_1_0" shape="296.80,100.00 303.20,100.00 296.80,100.00">
        <request index="0" response="00" foes="00" cont="0"/>
        <request index="1" response="00" foes="00" cont="0"/>
    </junction>
    <junction id="gneJ11" type="priority" x="400.00" y="0.00" incLanes="-gneE19_0 gneE7_0" intLanes=":gneJ11_0_0 :gneJ11_1_0" shape="400.00,3.20 400.00,-3.20 400.00,3.20">
        <request index="0" response="00" foes="00" cont="0"/>
        <request index="1" response="00" foes="00" cont="0"/>
    </junction>
    <junction id="gneJ12" type="priority" x="200.00" y="0.00" incLanes="gneE8_0 -gneE21_0" intLanes=":gneJ12_0_0 :gneJ12_1_0" shape="203.20,3.20 203.20,-3.20 196.80,-3.20 197.51,0.36 198.40,1.60 199.64,2.49 201.24,3.02">
        <request index="0" response="00" foes="00" cont="0"/>
        <request index="1" response="00" foes="00" cont="0"/>
    </junction>
    <junction id="gneJ13" type="priority" x="300.00" y="-100.00" incLanes="gneE9_0 -gneE39_0" intLanes=":gneJ13_0_0 :gneJ13_1_0" shape="296.80,-100.00 303.20,-100.00 296.80,-100.00">
        <request index="0" response="00" foes="00" cont="0"/>
        <request index="1" response="00" foes="00" cont="0"/>
    </junction>
    <junction id="gneJ14" type="priority" x="200.00" y="200.00" incLanes="-gneE11_0 gneE10_0" intLanes=":gneJ14_0_0 :gneJ14_1_0" shape="203.20,203.20 203.20,196.80 196.80,196.80 197.51,200.36 198.40,201.60 199.64,202.49 201.24,203.02">
        <request index="0" response="00" foes="00" cont="0"/>
        <request index="1" response="00" foes="00" cont="0"/>
    </junction>
    <junction id="gneJ15" type="priority" x="300.00" y="200.00" incLanes="-gneE12_0 gneE11_0" intLanes=":gneJ15_0_0 :gneJ15_1_0" shape="303.20,196.80 296.80,196.80 296.80,203.20 300.36,202.49 301.60,201.60 302.49,200.36 303.02,198.76">
        <request index="0" response="00" foes="00" cont="0"/>
        <request index="1" response="00" foes="00" cont="0"/>
    </junction>
    <junction id="gneJ16" type="priority" x="100.00" y="300.00" incLanes="-gneE14_0 -gneE13_0" intLanes=":gneJ16_0_0 :gneJ16_1_0" shape="103.20,303.20 103.20,296.80 96.80,296.80 97.51,300.36 98.40,301.60 99.64,302.49 101.24,303.02">
        <request index="0" response="00" foes="00" cont="0"/>
        <request index="1" response="00" foes="00" cont="0"/>
    </junction>
    <junction id="gneJ17" type="priority" x="300.00" y="300.00" incLanes="-gneE15_0 gneE14_0" intLanes=":gneJ17_0_0 :gneJ17_1_0" shape="300.00,303.20 300.00,296.80 300.00,303.20">
        <request index="0" response="00" foes="00" cont="0"/>
        <request index="1" response="00" foes="00" cont="0"/>
    </junction>
    <junction id="gneJ18" type="priority" x="400.00" y="300.00" incLanes="-gneE16_0 gneE15_0" intLanes=":gneJ18_0_0 :gneJ18_1_0" shape="403.20,296.80 396.80,296.80 396.80,303.20 400.36,302.49 401.60,301.60 402.49,300.36 403.02,298.76">
        <request index="0" response="00" foes="00" cont="0"/>
        <request index="1" response="00" foes="00" cont="0"/>
    </junction>
    <junction id="gneJ19" type="priority" x="400.00" y="100.00" incLanes="gneE16_0 -gneE17_0" intLanes=":gneJ19_0_0 :gneJ19_1_0" shape="396.80,103.20 403.20,103.20 403.20,96.80 399.64,97.51 398.40,98.40 397.51,99.64 396.98,101.24">
        <request index="0" response="00" foes="00" cont="0"/>
        <request index="1" response="00" foes="00" cont="0"/>
    </junction>
    <junction id="gneJ20" type="priority" x="500.00" y="100.00" incLanes="-gneE18_0 gneE17_0" intLanes=":gneJ20_0_0 :gneJ20_1_0" shape="503.20,96.80 496.80,96.80 496.80,103.20 500.36,102.49 501.60,101.60 502.49,100.36 503.02,98.76">
        <request index="0" response="00" foes="00" cont="0"/>
        <request index="1" response="00" foes="00" cont="0"/>
    </junction>
    <junction id="gneJ21" type="dead_end" x="500.00" y="-100.00" incLanes="gneE18_0" intLanes="" shape="500.00,-100.00 496.80,-100.00 500.00,-100.00"/>
    <junction id="gneJ22" type="dead_end" x="500.00" y="0.00" incLanes="gneE19_0" intLanes="" shape="500.00,0.00 500.00,-3.20 500.00,0.00"/>
    <junction id="gneJ23" type="dead_end" x="100.00" y="-200.00" incLanes="gneE20_0" intLanes="" shape="100.00,-200.00 96.80,-200.00 100.00,-200.00"/>
    <junction id="gneJ24" type="dead_end" x="200.00" y="-200.00" incLanes="gneE21_0" intLanes="" shape="200.00,-200.00 196.80,-200.00 200.00,-200.00"/>
    <junction id="gneJ25" type="dead_end" x="-200.00" y="300.00" incLanes="-gneE22_0" intLanes="" shape="-200.00,300.00 -200.00,303.20 -200.00,300.00"/>
    <junction id="gneJ26" type="priority" x="-100.00" y="300.00" incLanes="-gneE23_0 gneE22_0" intLanes=":gneJ26_0_0 :gneJ26_1_0" shape="-96.80,296.80 -103.20,296.80 -103.20,303.20 -99.64,302.49 -98.40,301.60 -97.51,300.36 -96.98,298.76">
        <request index="0" response="00" foes="00" cont="0"/>
        <request index="1" response="00" foes="00" cont="0"/>
    </junction>
    <junction id="gneJ27" type="priority" x="-100.00" y="100.00" incLanes="gneE23_0 -gneE24_0" intLanes=":gneJ27_0_0 :gneJ27_1_0" shape="-103.20,103.20 -96.80,103.20 -96.80,96.80 -100.36,97.51 -101.60,98.40 -102.49,99.64 -103.02,101.24">
        <request index="0" response="00" foes="00" cont="0"/>
        <request index="1" response="00" foes="00" cont="0"/>
    </junction>
    <junction id="gneJ28" type="dead_end" x="-200.00" y="400.00" incLanes="-gneE25_0" intLanes="" shape="-200.00,400.00 -200.00,403.20 -200.00,400.00"/>
    <junction id="gneJ29" type="priority" x="0.00" y="400.00" incLanes="-gneE26_0 gneE25_0" intLanes=":gneJ29_0_0 :gneJ29_1_0" shape="3.20,396.80 -3.20,396.80 -3.20,403.20 0.36,402.49 1.60,401.60 2.49,400.36 3.02,398.76">
        <request index="0" response="00" foes="00" cont="0"/>
        <request index="1" response="00" foes="00" cont="0"/>
    </junction>
    <junction id="gneJ31" type="dead_end" x="100.00" y="-100.00" incLanes="" intLanes="" shape="100.00,-100.00"/>
    <junction id="gneJ32" type="dead_end" x="-200.00" y="0.00" incLanes="-gneE29_0" intLanes="" shape="-200.00,0.00 -200.00,3.20 -200.00,0.00"/>
    <junction id="gneJ33" type="dead_end" x="0.00" y="300.00" incLanes="-gneE30_0" intLanes="" shape="-0.00,300.00 -2.26,302.26 -0.00,300.00"/>
    <junction id="gneJ34" type="priority" x="100.00" y="400.00" incLanes="-gneE31_0 gneE30_0" intLanes=":gneJ34_0_0 :gneJ34_1_0" shape="101.33,403.20 101.33,396.80 96.80,401.33 98.14,402.37 98.87,402.73 99.64,402.99 100.46,403.15">
        <request index="0" response="00" foes="00" cont="0"/>
        <request index="1" response="00" foes="00" cont="0"/>
    </junction>
    <junction id="gneJ35" type="priority" x="200.00" y="400.00" incLanes="-gneE32_0 gneE31_0" intLanes=":gneJ35_0_0 :gneJ35_1_0" shape="200.00,403.20 200.00,396.80 200.00,403.20">
        <request index="0" response="00" foes="00" cont="0"/>
        <request index="1" response="00" foes="00" cont="0"/>
    </junction>
    <junction id="gneJ36" type="priority" x="400.00" y="400.00" incLanes="-gneE33_0 gneE32_0" intLanes=":gneJ36_0_0 :gneJ36_1_0" shape="403.20,401.33 398.67,396.80 398.67,403.20 400.55,403.10 401.21,402.91 401.80,402.58 402.43,402.07">
        <request index="0" response="00" foes="00" cont="0"/>
        <request index="1" response="00" foes="00" cont="0"/>
    </junction>
    <junction id="gneJ37" type="priority" x="600.00" y="200.00" incLanes="-gneE34_0 gneE33_0" intLanes=":gneJ37_0_0 :gneJ37_1_0" shape="596.80,207.73 603.20,207.73 602.90,203.31 601.99,200.36 600.47,198.87 598.34,198.85 595.61,200.29 592.27,203.20">
        <request index="0" response="00" foes="00" cont="0"/>
        <request index="1" response="00" foes="00" cont="0"/>
    </junction>
    <junction id="gneJ38" type="priority" x="600.00" y="500.00" incLanes="gneE34_0 gneE38_0" intLanes=":gneJ38_0_0 :gneJ38_1_0" shape="603.20,496.80 596.80,496.80 596.80,503.20 600.36,502.49 601.60,501.60 602.49,500.36 603.02,498.76">
        <request index="0" response="00" foes="00" cont="0"/>
        <request index="1" response="00" foes="00" cont="0"/>
    </junction>
    <junction id="gneJ39" type="dead_end" x="500.00" y="300.00" incLanes="-gneE35_0" intLanes="" shape="500.00,300.00 503.20,300.00 500.00,300.00"/>
    <junction id="gneJ4" type="priority" x="0.00" y="100.00" incLanes="gneE26_0 -gneE2_0 gneE24_0" intLanes=":gneJ4_0_0 :gneJ4_1_0 :gneJ4_2_0 :gneJ4_3_0 :gneJ4_4_0 :gneJ4_6_0" shape="-3.20,107.20 3.20,107.20 3.64,104.98 4.20,104.20 4.98,103.64 5.98,103.31 7.20,103.20 7.20,96.80 -7.20,96.80 -7.20,103.20 -4.98,103.64 -4.20,104.20 -3.64,104.98 -3.31,105.98">
        <request index="0" response="001000" foes="001000" cont="0"/>
        <request index="1" response="111000" foes="111000" cont="0"/>
        <request index="2" response="000000" foes="100000" cont="0"/>
        <request index="3" response="000000" foes="100011" cont="0"/>
        <request index="4" response="000000" foes="000010" cont="0"/>
        <request index="5" response="001100" foes="001110" cont="1"/>
    </junction>
    <junction id="gneJ40" type="priority" x="500.00" y="200.00" incLanes="gneE35_0 -gneE36_0" intLanes=":gneJ40_0_0 :gneJ40_1_0" shape="496.80,201.33 503.20,201.33 498.67,196.80 497.42,198.20 497.09,198.79 496.90,199.45 496.82,200.26">
        <request index="0" response="00" foes="00" cont="0"/>
        <request index="1" response="00" foes="00" cont="0"/>
    </junction>
    <junction id="gneJ41" type="priority" x="600.00" y="100.00" incLanes="-gneE37_0 gneE36_0" intLanes=":gneJ41_0_0 :gneJ41_1_0" shape="603.20,98.67 596.80,98.67 601.33,103.20 602.37,101.86 602.73,101.13 602.99,100.36 603.15,99.54">
        <request index="0" response="00" foes="00" cont="0"/>
        <request index="1" response="00" foes="00" cont="0"/>
    </junction>
    <junction id="gneJ42" type="dead_end" x="600.00" y="-100.00" incLanes="gneE37_0" intLanes="" shape="600.00,-100.00 596.80,-100.00 600.00,-100.00"/>
    <junction id="gneJ43" type="dead_end" x="-200.00" y="500.00" incLanes="-gneE38_0" intLanes="" shape="-200.00,500.00 -200.00,503.20 -200.00,500.00"/>
    <junction id="gneJ44" type="priority" x="300.00" y="-200.00" incLanes="gneE39_0 -gneE40_0" intLanes=":gneJ44_0_0 :gneJ44_1_0" shape="296.80,-196.80 303.20,-196.80 303.20,-203.20 299.64,-202.49 298.40,-201.60 297.51,-200.36 296.98,-198.76">
        <request index="0" response="00" foes="00" cont="0"/>
        <request index="1" response="00" foes="00" cont="0"/>
    </junction>
    <junction id="gneJ45" type="dead_end" x="600.00" y="-200.00" incLanes="gneE40_0" intLanes="" shape="600.00,-200.00 600.00,-203.20 600.00,-200.00"/>
    <junction id="gneJ5" type="traffic_light" x="100.00" y="100.00" incLanes="gneE4_0 gneE3_0 -gneE5_0 gneE2_0" intLanes=":gneJ5_0_0 :gneJ5_1_0 :gneJ5_12_0 :gneJ5_3_0 :gneJ5_4_0 :gneJ5_13_0 :gneJ5_6_0 :gneJ5_7_0 :gneJ5_14_0 :gneJ5_9_0 :gneJ5_10_0 :gneJ5_15_0" shape="96.80,107.20 103.20,107.20 103.64,104.98 104.20,104.20 104.98,103.64 105.98,103.31 107.20,103.20 107.20,96.80 104.98,96.36 104.20,95.80 103.64,95.02 103.31,94.02 103.20,92.80 96.80,92.80 96.36,95.02 95.80,95.80 95.02,96.36 94.02,96.69 92.80,96.80 92.80,103.20 95.02,103.64 95.80,104.20 96.36,104.98 96.69,105.98">
        <request index="0"  response="000000000000" foes="000100010000" cont="0"/>
        <request index="1"  response="100000100000" foes="111100110000" cont="0"/>
        <request index="2"  response="100011100000" foes="110011110000" cont="1"/>
        <request index="3"  response="000010000000" foes="100010000000" cont="0"/>
        <request index="4"  response="000110000111" foes="100110000111" cont="0"/>
        <request index="5"  response="011110000110" foes="011110000110" cont="1"/>
        <request index="6"  response="000000000000" foes="010000000100" cont="0"/>
        <request index="7"  response="100000100000" foes="110000111100" cont="0"/>
        <request index="8"  response="100000100011" foes="110000110011" cont="1"/>
        <request index="9"  response="000000000010" foes="000000100010" cont="0"/>
        <request index="10" response="000111000110" foes="000111100110" cont="0"/>
        <request index="11" response="000110011110" foes="000110011110" cont="1"/>
    </junction>
    <junction id="gneJ6" type="priority" x="200.00" y="100.00" incLanes="-gneE10_0 -gneE3_0" intLanes=":gneJ6_0_0 :gneJ6_1_0" shape="196.80,103.20 203.20,103.20 202.49,99.64 201.60,98.40 200.36,97.51 198.76,96.98 196.80,96.80">
        <request index="0" response="00" foes="00" cont="0"/>
        <request index="1" response="00" foes="00" cont="0"/>
    </junction>
    <junction id="gneJ7" type="priority" x="100.00" y="200.00" incLanes="gneE13_0 -gneE4_0" intLanes=":gneJ7_0_0 :gneJ7_1_0" shape="96.80,200.00 103.20,200.00 96.80,200.00">
        <request index="0" response="00" foes="00" cont="0"/>
        <request index="1" response="00" foes="00" cont="0"/>
    </junction>
    <junction id="gneJ8" type="priority" x="100.00" y="0.00" incLanes="gneE5_0 -gneE20_0 gneE29_0" intLanes=":gneJ8_0_0 :gneJ8_1_0 :gneJ8_2_0 :gneJ8_6_0 :gneJ8_4_0 :gneJ8_5_0" shape="96.80,7.20 103.20,7.20 103.20,-7.20 96.80,-7.20 96.36,-4.98 95.80,-4.20 95.02,-3.64 94.02,-3.31 92.80,-3.20 92.80,3.20 95.02,3.64 95.80,4.20 96.36,4.98 96.69,5.98">
        <request index="0" response="000000" foes="001000" cont="0"/>
        <request index="1" response="000000" foes="111000" cont="0"/>
        <request index="2" response="000000" foes="100000" cont="0"/>
        <request index="3" response="000011" foes="100011" cont="1"/>
        <request index="4" response="000010" foes="000010" cont="0"/>
        <request index="5" response="001110" foes="001110" cont="0"/>
    </junction>
    <junction id="gneJ9" type="traffic_light" x="300.00" y="0.00" incLanes="-gneE6_0 -gneE7_0 -gneE9_0 -gneE8_0" intLanes=":gneJ9_0_0 :gneJ9_1_0 :gneJ9_12_0 :gneJ9_3_0 :gneJ9_4_0 :gneJ9_13_0 :gneJ9_6_0 :gneJ9_7_0 :gneJ9_14_0 :gneJ9_9_0 :gneJ9_10_0 :gneJ9_15_0" shape="296.80,7.20 303.20,7.20 303.64,4.98 304.20,4.20 304.98,3.64 305.98,3.31 307.20,3.20 307.20,-3.20 304.98,-3.64 304.20,-4.20 303.64,-4.98 303.31,-5.98 303.20,-7.20 296.80,-7.20 296.36,-4.98 295.80,-4.20 295.02,-3.64 294.02,-3.31 292.80,-3.20 292.80,3.20 295.02,3.64 295.80,4.20 296.36,4.98 296.69,5.98">
        <request index="0"  response="000000000000" foes="000100010000" cont="0"/>
        <request index="1"  response="100000100000" foes="111100110000" cont="0"/>
        <request index="2"  response="100011100000" foes="110011110000" cont="1"/>
        <request index="3"  response="000010000000" foes="100010000000" cont="0"/>
        <request index="4"  response="000110000111" foes="100110000111" cont="0"/>
        <request index="5"  response="011110000110" foes="011110000110" cont="1"/>
        <request index="6"  response="000000000000" foes="010000000100" cont="0"/>
        <request index="7"  response="100000100000" foes="110000111100" cont="0"/>
        <request index="8"  response="100000100011" foes="110000110011" cont="1"/>
        <request index="9"  response="000000000010" foes="000000100010" cont="0"/>
        <request index="10" response="000111000110" foes="000111100110" cont="0"/>
        <request index="11" response="000110011110" foes="000110011110" cont="1"/>
    </junction>

    <junction id=":gneJ4_6_0" type="internal" x="-1.60" y="100.00" incLanes=":gneJ4_5_0 -gneE2_0" intLanes=":gneJ4_1_0 :gneJ4_2_0 :gneJ4_3_0"/>
    <junction id=":gneJ5_12_0" type="internal" x="100.00" y="101.60" incLanes=":gneJ5_2_0 -gneE5_0" intLanes=":gneJ5_4_0 :gneJ5_5_0 :gneJ5_6_0 :gneJ5_7_0 :gneJ5_10_0 :gneJ5_11_0"/>
    <junction id=":gneJ5_13_0" type="internal" x="101.60" y="100.00" incLanes=":gneJ5_5_0 gneE2_0" intLanes=":gneJ5_1_0 :gneJ5_2_0 :gneJ5_7_0 :gneJ5_8_0 :gneJ5_9_0 :gneJ5_10_0"/>
    <junction id=":gneJ5_14_0" type="internal" x="100.00" y="98.40" incLanes=":gneJ5_8_0 gneE4_0" intLanes=":gneJ5_0_0 :gneJ5_1_0 :gneJ5_4_0 :gneJ5_5_0 :gneJ5_10_0 :gneJ5_11_0"/>
    <junction id=":gneJ5_15_0" type="internal" x="98.40" y="100.00" incLanes=":gneJ5_11_0 gneE3_0" intLanes=":gneJ5_1_0 :gneJ5_2_0 :gneJ5_3_0 :gneJ5_4_0 :gneJ5_7_0 :gneJ5_8_0"/>
    <junction id=":gneJ8_6_0" type="internal" x="100.00" y="-1.60" incLanes=":gneJ8_3_0 gneE5_0" intLanes=":gneJ8_0_0 :gneJ8_1_0 :gneJ8_5_0"/>
    <junction id=":gneJ9_12_0" type="internal" x="300.00" y="1.60" incLanes=":gneJ9_2_0 -gneE9_0" intLanes=":gneJ9_4_0 :gneJ9_5_0 :gneJ9_6_0 :gneJ9_7_0 :gneJ9_10_0 :gneJ9_11_0"/>
    <junction id=":gneJ9_13_0" type="internal" x="301.60" y="0.00" incLanes=":gneJ9_5_0 -gneE8_0" intLanes=":gneJ9_1_0 :gneJ9_2_0 :gneJ9_7_0 :gneJ9_8_0 :gneJ9_9_0 :gneJ9_10_0"/>
    <junction id=":gneJ9_14_0" type="internal" x="300.00" y="-1.60" incLanes=":gneJ9_8_0 -gneE6_0" intLanes=":gneJ9_0_0 :gneJ9_1_0 :gneJ9_4_0 :gneJ9_5_0 :gneJ9_10_0 :gneJ9_11_0"/>
    <junction id=":gneJ9_15_0" type="internal" x="298.40" y="-0.00" incLanes=":gneJ9_11_0 -gneE7_0" intLanes=":gneJ9_1_0 :gneJ9_2_0 :gneJ9_3_0 :gneJ9_4_0 :gneJ9_7_0 :gneJ9_8_0"/>

    <connection from="-gneE10" to="gneE3" fromLane="0" toLane="0" via=":gneJ6_0_0" dir="r" state="M"/>
    <connection from="-gneE11" to="-gneE10" fromLane="0" toLane="0" via=":gneJ14_0_0" dir="l" state="M"/>
    <connection from="-gneE12" to="-gneE11" fromLane="0" toLane="0" via=":gneJ15_0_0" dir="l" state="M"/>
    <connection from="-gneE13" to="gneE14" fromLane="0" toLane="0" via=":gneJ16_1_0" dir="r" state="M"/>
    <connection from="-gneE14" to="gneE13" fromLane="0" toLane="0" via=":gneJ16_0_0" dir="l" state="M"/>
    <connection from="-gneE15" to="-gneE14" fromLane="0" toLane="0" via=":gneJ17_0_0" dir="s" state="M"/>
    <connection from="-gneE16" to="-gneE15" fromLane="0" toLane="0" via=":gneJ18_0_0" dir="l" state="M"/>
    <connection from="-gneE17" to="-gneE16" fromLane="0" toLane="0" via=":gneJ19_1_0" dir="r" state="M"/>
    <connection from="-gneE18" to="-gneE17" fromLane="0" toLane="0" via=":gneJ20_0_0" dir="l" state="M"/>
    <connection from="-gneE19" to="-gneE7" fromLane="0" toLane="0" via=":gneJ11_0_0" dir="s" state="M"/>
    <connection from="-gneE2" to="-gneE26" fromLane="0" toLane="0" via=":gneJ4_2_0" dir="r" state="M"/>
    <connection from="-gneE2" to="-gneE24" fromLane="0" toLane="0" via=":gneJ4_3_0" dir="s" state="M"/>
    <connection from="-gneE20" to="-gneE5" fromLane="0" toLane="0" via=":gneJ8_2_0" dir="s" state="M"/>
    <connection from="-gneE20" to="-gneE29" fromLane="0" toLane="0" via=":gneJ8_3_0" dir="l" state="m"/>
    <connection from="-gneE21" to="-gneE8" fromLane="0" toLane="0" via=":gneJ12_1_0" dir="r" state="M"/>
    <connection from="-gneE23" to="-gneE22" fromLane="0" toLane="0" via=":gneJ26_0_0" dir="l" state="M"/>
    <connection from="-gneE24" to="-gneE23" fromLane="0" toLane="0" via=":gneJ27_1_0" dir="r" state="M"/>
    <connection from="-gneE26" to="-gneE25" fromLane="0" toLane="0" via=":gneJ29_0_0" dir="l" state="M"/>
    <connection from="-gneE3" to="gneE10" fromLane="0" toLane="0" via=":gneJ6_1_0" dir="l" state="M"/>
    <connection from="-gneE31" to="-gneE30" fromLane="0" toLane="0" via=":gneJ34_0_0" dir="l" state="M"/>
    <connection from="-gneE32" to="-gneE31" fromLane="0" toLane="0" via=":gneJ35_0_0" dir="s" state="M"/>
    <connection from="-gneE33" to="-gneE32" fromLane="0" toLane="0" via=":gneJ36_0_0" dir="l" state="M"/>
    <connection from="-gneE34" to="-gneE33" fromLane="0" toLane="0" via=":gneJ37_0_0" dir="r" state="M"/>
    <connection from="-gneE36" to="-gneE35" fromLane="0" toLane="0" via=":gneJ40_1_0" dir="r" state="M"/>
    <connection from="-gneE37" to="-gneE36" fromLane="0" toLane="0" via=":gneJ41_0_0" dir="l" state="M"/>
    <connection from="-gneE39" to="-gneE9" fromLane="0" toLane="0" via=":gneJ13_1_0" dir="s" state="M"/>
    <connection from="-gneE4" to="-gneE13" fromLane="0" toLane="0" via=":gneJ7_1_0" dir="s" state="M"/>
    <connection from="-gneE40" to="-gneE39" fromLane="0" toLane="0" via=":gneJ44_1_0" dir="r" state="M"/>
    <connection from="-gneE5" to="-gneE3" fromLane="0" toLane="0" via=":gneJ5_6_0" tl="gneJ5" linkIndex="6" dir="r" state="O"/>
    <connection from="-gneE5" to="-gneE4" fromLane="0" toLane="0" via=":gneJ5_7_0" tl="gneJ5" linkIndex="7" dir="s" state="O"/>
    <connection from="-gneE5" to="-gneE2" fromLane="0" toLane="0" via=":gneJ5_8_0" tl="gneJ5" linkIndex="8" dir="l" state="o"/>
    <connection from="-gneE6" to="gneE8" fromLane="0" toLane="0" via=":gneJ9_0_0" tl="gneJ9" linkIndex="0" dir="r" state="O"/>
    <connection from="-gneE6" to="gneE9" fromLane="0" toLane="0" via=":gneJ9_1_0" tl="gneJ9" linkIndex="1" dir="s" state="O"/>
    <connection from="-gneE6" to="gneE7" fromLane="0" toLane="0" via=":gneJ9_2_0" tl="gneJ9" linkIndex="2" dir="l" state="o"/>
    <connection from="-gneE7" to="gneE6" fromLane="0" toLane="0" via=":gneJ9_3_0" tl="gneJ9" linkIndex="3" dir="r" state="o"/>
    <connection from="-gneE7" to="gneE8" fromLane="0" toLane="0" via=":gneJ9_4_0" tl="gneJ9" linkIndex="4" dir="s" state="o"/>
    <connection from="-gneE7" to="gneE9" fromLane="0" toLane="0" via=":gneJ9_5_0" tl="gneJ9" linkIndex="5" dir="l" state="o"/>
    <connection from="-gneE8" to="gneE9" fromLane="0" toLane="0" via=":gneJ9_9_0" tl="gneJ9" linkIndex="9" dir="r" state="o"/>
    <connection from="-gneE8" to="gneE7" fromLane="0" toLane="0" via=":gneJ9_10_0" tl="gneJ9" linkIndex="10" dir="s" state="o"/>
    <connection from="-gneE8" to="gneE6" fromLane="0" toLane="0" via=":gneJ9_11_0" tl="gneJ9" linkIndex="11" dir="l" state="o"/>
    <connection from="-gneE9" to="gneE7" fromLane="0" toLane="0" via=":gneJ9_6_0" tl="gneJ9" linkIndex="6" dir="r" state="O"/>
    <connection from="-gneE9" to="gneE6" fromLane="0" toLane="0" via=":gneJ9_7_0" tl="gneJ9" linkIndex="7" dir="s" state="O"/>
    <connection from="-gneE9" to="gneE8" fromLane="0" toLane="0" via=":gneJ9_8_0" tl="gneJ9" linkIndex="8" dir="l" state="o"/>
    <connection from="gneE10" to="gneE11" fromLane="0" toLane="0" via=":gneJ14_1_0" dir="r" state="M"/>
    <connection from="gneE11" to="gneE12" fromLane="0" toLane="0" via=":gneJ15_1_0" dir="r" state="M"/>
    <connection from="gneE12" to="-gneE6" fromLane="0" toLane="0" via=":gneJ10_0_0" dir="s" state="M"/>
    <connection from="gneE13" to="gneE4" fromLane="0" toLane="0" via=":gneJ7_0_0" dir="s" state="M"/>
    <connection from="gneE14" to="gneE15" fromLane="0" toLane="0" via=":gneJ17_1_0" dir="s" state="M"/>
    <connection from="gneE15" to="gneE16" fromLane="0" toLane="0" via=":gneJ18_1_0" dir="r" state="M"/>
    <connection from="gneE16" to="gneE17" fromLane="0" toLane="0" via=":gneJ19_0_0" dir="l" state="M"/>
    <connection from="gneE17" to="gneE18" fromLane="0" toLane="0" via=":gneJ20_1_0" dir="r" state="M"/>
    <connection from="gneE2" to="gneE5" fromLane="0" toLane="0" via=":gneJ5_9_0" tl="gneJ5" linkIndex="9" dir="r" state="o"/>
    <connection from="gneE2" to="-gneE3" fromLane="0" toLane="0" via=":gneJ5_10_0" tl="gneJ5" linkIndex="10" dir="s" state="o"/>
    <connection from="gneE2" to="-gneE4" fromLane="0" toLane="0" via=":gneJ5_11_0" tl="gneJ5" linkIndex="11" dir="l" state="o"/>
    <connection from="gneE22" to="gneE23" fromLane="0" toLane="0" via=":gneJ26_1_0" dir="r" state="M"/>
    <connection from="gneE23" to="gneE24" fromLane="0" toLane="0" via=":gneJ27_0_0" dir="l" state="M"/>
    <connection from="gneE24" to="gneE2" fromLane="0" toLane="0" via=":gneJ4_4_0" dir="s" state="M"/>
    <connection from="gneE24" to="-gneE26" fromLane="0" toLane="0" via=":gneJ4_5_0" dir="l" state="m"/>
    <connection from="gneE25" to="gneE26" fromLane="0" toLane="0" via=":gneJ29_1_0" dir="r" state="M"/>
    <connection from="gneE26" to="-gneE24" fromLane="0" toLane="0" via=":gneJ4_0_0" dir="r" state="m"/>
    <connection from="gneE26" to="gneE2" fromLane="0" toLane="0" via=":gneJ4_1_0" dir="l" state="m"/>
    <connection from="gneE29" to="gneE20" fromLane="0" toLane="0" via=":gneJ8_4_0" dir="r" state="m"/>
    <connection from="gneE29" to="-gneE5" fromLane="0" toLane="0" via=":gneJ8_5_0" dir="l" state="m"/>
    <connection from="gneE3" to="-gneE4" fromLane="0" toLane="0" via=":gneJ5_3_0" tl="gneJ5" linkIndex="3" dir="r" state="o"/>
    <connection from="gneE3" to="-gneE2" fromLane="0" toLane="0" via=":gneJ5_4_0" tl="gneJ5" linkIndex="4" dir="s" state="o"/>
    <connection from="gneE3" to="gneE5" fromLane="0" toLane="0" via=":gneJ5_5_0" tl="gneJ5" linkIndex="5" dir="l" state="o"/>
    <connection from="gneE30" to="gneE31" fromLane="0" toLane="0" via=":gneJ34_1_0" dir="r" state="M"/>
    <connection from="gneE31" to="gneE32" fromLane="0" toLane="0" via=":gneJ35_1_0" dir="s" state="M"/>
    <connection from="gneE32" to="gneE33" fromLane="0" toLane="0" via=":gneJ36_1_0" dir="r" state="M"/>
    <connection from="gneE33" to="gneE34" fromLane="0" toLane="0" via=":gneJ37_1_0" dir="l" state="M"/>
    <connection from="gneE34" to="-gneE38" fromLane="0" toLane="0" via=":gneJ38_0_0" dir="l" state="M"/>
    <connection from="gneE35" to="gneE36" fromLane="0" toLane="0" via=":gneJ40_0_0" dir="l" state="M"/>
    <connection from="gneE36" to="gneE37" fromLane="0" toLane="0" via=":gneJ41_1_0" dir="r" state="M"/>
    <connection from="gneE38" to="-gneE34" fromLane="0" toLane="0" via=":gneJ38_1_0" dir="r" state="M"/>
    <connection from="gneE39" to="gneE40" fromLane="0" toLane="0" via=":gneJ44_0_0" dir="l" state="M"/>
    <connection from="gneE4" to="-gneE2" fromLane="0" toLane="0" via=":gneJ5_0_0" tl="gneJ5" linkIndex="0" dir="r" state="O"/>
    <connection from="gneE4" to="gneE5" fromLane="0" toLane="0" via=":gneJ5_1_0" tl="gneJ5" linkIndex="1" dir="s" state="O"/>
    <connection from="gneE4" to="-gneE3" fromLane="0" toLane="0" via=":gneJ5_2_0" tl="gneJ5" linkIndex="2" dir="l" state="o"/>
    <connection from="gneE5" to="-gneE29" fromLane="0" toLane="0" via=":gneJ8_0_0" dir="r" state="M"/>
    <connection from="gneE5" to="gneE20" fromLane="0" toLane="0" via=":gneJ8_1_0" dir="s" state="M"/>
    <connection from="gneE6" to="-gneE12" fromLane="0" toLane="0" via=":gneJ10_1_0" dir="s" state="M"/>
    <connection from="gneE7" to="gneE19" fromLane="0" toLane="0" via=":gneJ11_1_0" dir="s" state="M"/>
    <connection from="gneE8" to="gneE21" fromLane="0" toLane="0" via=":gneJ12_0_0" dir="l" state="M"/>
    <connection from="gneE9" to="gneE39" fromLane="0" toLane="0" via=":gneJ13_0_0" dir="s" state="M"/>

    <connection from=":gneJ10_0" to="-gneE6" fromLane="0" toLane="0" dir="s" state="M"/>
    <connection from=":gneJ10_1" to="-gneE12" fromLane="0" toLane="0" dir="s" state="M"/>
    <connection from=":gneJ11_0" to="-gneE7" fromLane="0" toLane="0" dir="s" state="M"/>
    <connection from=":gneJ11_1" to="gneE19" fromLane="0" toLane="0" dir="s" state="M"/>
    <connection from=":gneJ12_0" to="gneE21" fromLane="0" toLane="0" dir="l" state="M"/>
    <connection from=":gneJ12_1" to="-gneE8" fromLane="0" toLane="0" dir="r" state="M"/>
    <connection from=":gneJ13_0" to="gneE39" fromLane="0" toLane="0" dir="s" state="M"/>
    <connection from=":gneJ13_1" to="-gneE9" fromLane="0" toLane="0" dir="s" state="M"/>
    <connection from=":gneJ14_0" to="-gneE10" fromLane="0" toLane="0" dir="l" state="M"/>
    <connection from=":gneJ14_1" to="gneE11" fromLane="0" toLane="0" dir="r" state="M"/>
    <connection from=":gneJ15_0" to="-gneE11" fromLane="0" toLane="0" dir="l" state="M"/>
    <connection from=":gneJ15_1" to="gneE12" fromLane="0" toLane="0" dir="r" state="M"/>
    <connection from=":gneJ16_0" to="gneE13" fromLane="0" toLane="0" dir="l" state="M"/>
    <connection from=":gneJ16_1" to="gneE14" fromLane="0" toLane="0" dir="r" state="M"/>
    <connection from=":gneJ17_0" to="-gneE14" fromLane="0" toLane="0" dir="s" state="M"/>
    <connection from=":gneJ17_1" to="gneE15" fromLane="0" toLane="0" dir="s" state="M"/>
    <connection from=":gneJ18_0" to="-gneE15" fromLane="0" toLane="0" dir="l" state="M"/>
    <connection from=":gneJ18_1" to="gneE16" fromLane="0" toLane="0" dir="r" state="M"/>
    <connection from=":gneJ19_0" to="gneE17" fromLane="0" toLane="0" dir="l" state="M"/>
    <connection from=":gneJ19_1" to="-gneE16" fromLane="0" toLane="0" dir="r" state="M"/>
    <connection from=":gneJ20_0" to="-gneE17" fromLane="0" toLane="0" dir="l" state="M"/>
    <connection from=":gneJ20_1" to="gneE18" fromLane="0" toLane="0" dir="r" state="M"/>
    <connection from=":gneJ26_0" to="-gneE22" fromLane="0" toLane="0" dir="l" state="M"/>
    <connection from=":gneJ26_1" to="gneE23" fromLane="0" toLane="0" dir="r" state="M"/>
    <connection from=":gneJ27_0" to="gneE24" fromLane="0" toLane="0" dir="l" state="M"/>
    <connection from=":gneJ27_1" to="-gneE23" fromLane="0" toLane="0" dir="r" state="M"/>
    <connection from=":gneJ29_0" to="-gneE25" fromLane="0" toLane="0" dir="l" state="M"/>
    <connection from=":gneJ29_1" to="gneE26" fromLane="0" toLane="0" dir="r" state="M"/>
    <connection from=":gneJ34_0" to="-gneE30" fromLane="0" toLane="0" dir="l" state="M"/>
    <connection from=":gneJ34_1" to="gneE31" fromLane="0" toLane="0" dir="r" state="M"/>
    <connection from=":gneJ35_0" to="-gneE31" fromLane="0" toLane="0" dir="s" state="M"/>
    <connection from=":gneJ35_1" to="gneE32" fromLane="0" toLane="0" dir="s" state="M"/>
    <connection from=":gneJ36_0" to="-gneE32" fromLane="0" toLane="0" dir="l" state="M"/>
    <connection from=":gneJ36_1" to="gneE33" fromLane="0" toLane="0" dir="r" state="M"/>
    <connection from=":gneJ37_0" to="-gneE33" fromLane="0" toLane="0" dir="r" state="M"/>
    <connection from=":gneJ37_1" to="gneE34" fromLane="0" toLane="0" dir="l" state="M"/>
    <connection from=":gneJ38_0" to="-gneE38" fromLane="0" toLane="0" dir="l" state="M"/>
    <connection from=":gneJ38_1" to="-gneE34" fromLane="0" toLane="0" dir="r" state="M"/>
    <connection from=":gneJ4_0" to="-gneE24" fromLane="0" toLane="0" dir="r" state="M"/>
    <connection from=":gneJ4_1" to="gneE2" fromLane="0" toLane="0" dir="l" state="M"/>
    <connection from=":gneJ4_2" to="-gneE26" fromLane="0" toLane="0" dir="r" state="M"/>
    <connection from=":gneJ4_3" to="-gneE24" fromLane="0" toLane="0" dir="s" state="M"/>
    <connection from=":gneJ4_4" to="gneE2" fromLane="0" toLane="0" dir="s" state="M"/>
    <connection from=":gneJ4_5" to="-gneE26" fromLane="0" toLane="0" via=":gneJ4_6_0" dir="l" state="m"/>
    <connection from=":gneJ4_6" to="-gneE26" fromLane="0" toLane="0" dir="l" state="M"/>
    <connection from=":gneJ40_0" to="gneE36" fromLane="0" toLane="0" dir="l" state="M"/>
    <connection from=":gneJ40_1" to="-gneE35" fromLane="0" toLane="0" dir="r" state="M"/>
    <connection from=":gneJ41_0" to="-gneE36" fromLane="0" toLane="0" dir="l" state="M"/>
    <connection from=":gneJ41_1" to="gneE37" fromLane="0" toLane="0" dir="r" state="M"/>
    <connection from=":gneJ44_0" to="gneE40" fromLane="0" toLane="0" dir="l" state="M"/>
    <connection from=":gneJ44_1" to="-gneE39" fromLane="0" toLane="0" dir="r" state="M"/>
    <connection from=":gneJ5_0" to="-gneE2" fromLane="0" toLane="0" dir="r" state="M"/>
    <connection from=":gneJ5_1" to="gneE5" fromLane="0" toLane="0" dir="s" state="M"/>
    <connection from=":gneJ5_2" to="-gneE3" fromLane="0" toLane="0" via=":gneJ5_12_0" dir="l" state="m"/>
    <connection from=":gneJ5_12" to="-gneE3" fromLane="0" toLane="0" dir="l" state="M"/>
    <connection from=":gneJ5_3" to="-gneE4" fromLane="0" toLane="0" dir="r" state="M"/>
    <connection from=":gneJ5_4" to="-gneE2" fromLane="0" toLane="0" dir="s" state="M"/>
    <connection from=":gneJ5_5" to="gneE5" fromLane="0" toLane="0" via=":gneJ5_13_0" dir="l" state="m"/>
    <connection from=":gneJ5_13" to="gneE5" fromLane="0" toLane="0" dir="l" state="M"/>
    <connection from=":gneJ5_6" to="-gneE3" fromLane="0" toLane="0" dir="r" state="M"/>
    <connection from=":gneJ5_7" to="-gneE4" fromLane="0" toLane="0" dir="s" state="M"/>
    <connection from=":gneJ5_8" to="-gneE2" fromLane="0" toLane="0" via=":gneJ5_14_0" dir="l" state="m"/>
    <connection from=":gneJ5_14" to="-gneE2" fromLane="0" toLane="0" dir="l" state="M"/>
    <connection from=":gneJ5_9" to="gneE5" fromLane="0" toLane="0" dir="r" state="M"/>
    <connection from=":gneJ5_10" to="-gneE3" fromLane="0" toLane="0" dir="s" state="M"/>
    <connection from=":gneJ5_11" to="-gneE4" fromLane="0" toLane="0" via=":gneJ5_15_0" dir="l" state="m"/>
    <connection from=":gneJ5_15" to="-gneE4" fromLane="0" toLane="0" dir="l" state="M"/>
    <connection from=":gneJ6_0" to="gneE3" fromLane="0" toLane="0" dir="r" state="M"/>
    <connection from=":gneJ6_1" to="gneE10" fromLane="0" toLane="0" dir="l" state="M"/>
    <connection from=":gneJ7_0" to="gneE4" fromLane="0" toLane="0" dir="s" state="M"/>
    <connection from=":gneJ7_1" to="-gneE13" fromLane="0" toLane="0" dir="s" state="M"/>
    <connection from=":gneJ8_0" to="-gneE29" fromLane="0" toLane="0" dir="r" state="M"/>
    <connection from=":gneJ8_1" to="gneE20" fromLane="0" toLane="0" dir="s" state="M"/>
    <connection from=":gneJ8_2" to="-gneE5" fromLane="0" toLane="0" dir="s" state="M"/>
    <connection from=":gneJ8_3" to="-gneE29" fromLane="0" toLane="0" via=":gneJ8_6_0" dir="l" state="m"/>
    <connection from=":gneJ8_6" to="-gneE29" fromLane="0" toLane="0" dir="l" state="M"/>
    <connection from=":gneJ8_4" to="gneE20" fromLane="0" toLane="0" dir="r" state="M"/>
    <connection from=":gneJ8_5" to="-gneE5" fromLane="0" toLane="0" dir="l" state="M"/>
    <connection from=":gneJ9_0" to="gneE8" fromLane="0" toLane="0" dir="r" state="M"/>
    <connection from=":gneJ9_1" to="gneE9" fromLane="0" toLane="0" dir="s" state="M"/>
    <connection from=":gneJ9_2" to="gneE7" fromLane="0" toLane="0" via=":gneJ9_12_0" dir="l" state="m"/>
    <connection from=":gneJ9_12" to="gneE7" fromLane="0" toLane="0" dir="l" state="M"/>
    <connection from=":gneJ9_3" to="gneE6" fromLane="0" toLane="0" dir="r" state="M"/>
    <connection from=":gneJ9_4" to="gneE8" fromLane="0" toLane="0" dir="s" state="M"/>
    <connection from=":gneJ9_5" to="gneE9" fromLane="0" toLane="0" via=":gneJ9_13_0" dir="l" state="m"/>
    <connection from=":gneJ9_13" to="gneE9" fromLane="0" toLane="0" dir="l" state="M"/>
    <connection from=":gneJ9_6" to="gneE7" fromLane="0" toLane="0" dir="r" state="M"/>
    <connection from=":gneJ9_7" to="gneE6" fromLane="0" toLane="0" dir="s" state="M"/>
    <connection from=":gneJ9_8" to="gneE8" fromLane="0" toLane="0" via=":gneJ9_14_0" dir="l" state="m"/>
    <connection from=":gneJ9_14" to="gneE8" fromLane="0" toLane="0" dir="l" state="M"/>
    <connection from=":gneJ9_9" to="gneE9" fromLane="0" toLane="0" dir="r" state="M"/>
    <connection from=":gneJ9_10" to="gneE7" fromLane="0" toLane="0" dir="s" state="M"/>
    <connection from=":gneJ9_11" to="gneE6" fromLane="0" toLane="0" via=":gneJ9_15_0" dir="l" state="m"/>
    <connection from=":gneJ9_15" to="gneE6" fromLane="0" toLane="0" dir="l" state="M"/>

</net>
