<?xml version="1.0" encoding="UTF-8"?>

<!-- generated on 03/29/21 11:29:50 by Eclipse SUMO duarouter Version 1.8.0
<configuration xmlns:xsi="http://www.w3.org/2001/XMLSchema-instance" xsi:noNamespaceSchemaLocation="http://sumo.dlr.de/xsd/duarouterConfiguration.xsd">

    <input>
        <net-file value="city3.net.xml"/>
        <route-files value="trips.trips.xml"/>
    </input>

    <output>
        <output-file value="city3.rou.xml"/>
        <alternatives-output value="city3.rou.alt.xml"/>
    </output>

    <time>
        <begin value="0"/>
        <end value="500"/>
    </time>

    <report>
        <no-warnings value="true"/>
        <ignore-errors value="true"/>
        <no-step-log value="true"/>
    </report>

</configuration>
-->

<routes xmlns:xsi="http://www.w3.org/2001/XMLSchema-instance" xsi:noNamespaceSchemaLocation="http://sumo.dlr.de/xsd/routes_file.xsd">
    <vehicle id="2" depart="2.00">
        <routeDistribution last="0">
            <route cost="148.90" probability="1.00000000" edges="gneE22 -gneE12 -gneE11 -gneE7 gneE6 gneE17 gneE18 gneE19 gneE21 gneE27"/>
        </routeDistribution>
    </vehicle>
    <vehicle id="4" depart="4.00">
        <routeDistribution last="0">
            <route cost="54.09" probability="1.00000000" edges="-gneE43 -gneE42 -gneE41 gneE22 -gneE12 -gneE11"/>
        </routeDistribution>
    </vehicle>
    <vehicle id="6" depart="6.00">
        <routeDistribution last="0">
            <route cost="75.90" probability="1.00000000" edges="-gneE11 gneE10 -gneE2 gneE5 -gneE23"/>
        </routeDistribution>
    </vehicle>
    <vehicle id="7" depart="7.00">
        <routeDistribution last="0">
            <route cost="21.47" probability="1.00000000" edges="gneE18 gneE19"/>
        </routeDistribution>
    </vehicle>
    <vehicle id="13" depart="13.00">
        <routeDistribution last="0">
            <route cost="22.08" probability="1.00000000" edges="-gneE19 -gneE18"/>
        </routeDistribution>
    </vehicle>
    <vehicle id="16" depart="16.00">
        <routeDistribution last="0">
            <route cost="163.03" probability="1.00000000" edges="-gneE8 gneE7 gneE11 gneE12 gneE23 -gneE5 gneE2 -gneE10 -gneE7 gneE8"/>
        </routeDistribution>
    </vehicle>
    <vehicle id="22" depart="22.00">
        <routeDistribution last="0">
            <route cost="94.38" probability="1.00000000" edges="-gneE18 -gneE17 -gneE6 gneE7 gneE10 -gneE2 -gneE3"/>
        </routeDistribution>
    </vehicle>
    <vehicle id="26" depart="26.00">
        <routeDistribution last="0">
            <route cost="66.61" probability="1.00000000" edges="-gneE32 -gneE26 -gneE4 gneE5"/>
        </routeDistribution>
    </vehicle>
    <vehicle id="28" depart="28.00">
        <routeDistribution last="0">
            <route cost="123.33" probability="1.00000000" edges="-gneE24 gneE23 -gneE5 gneE4 gneE26 gneE32 gneE33"/>
        </routeDistribution>
    </vehicle>
    <vehicle id="30" depart="30.00">
        <routeDistribution last="0">
            <route cost="69.38" probability="1.00000000" edges="gneE7 gneE10 -gneE2 -gneE3 gneE25"/>
        </routeDistribution>
    </vehicle>
    <vehicle id="33" depart="33.00">
        <routeDistribution last="0">
            <route cost="196.95" probability="1.00000000" edges="-gneE27 -gneE21 -gneE19 -gneE18 -gneE17 -gneE6 gneE7 gneE10 -gneE2 gneE5 -gneE23 -gneE12"/>
        </routeDistribution>
    </vehicle>
    <vehicle id="35" depart="35.00">
        <routeDistribution last="0">
            <route cost="102.05" probability="1.00000000" edges="-gneE26 -gneE4 gneE2 -gneE10 -gneE7 gneE6"/>
        </routeDistribution>
    </vehicle>
    <vehicle id="41" depart="41.00">
        <routeDistribution last="0">
            <route cost="63.62" probability="1.00000000" edges="gneE11 gneE12 -gneE22 gneE41 gneE42 gneE43 gneE44 gneE45"/>
        </routeDistribution>
    </vehicle>
    <vehicle id="43" depart="43.00">
        <routeDistribution last="0">
            <route cost="158.23" probability="1.00000000" edges="gneE7 gneE11 gneE12 gneE23 -gneE5 gneE2 -gneE10 -gneE7 gneE6 gneE17"/>
        </routeDistribution>
    </vehicle>
    <vehicle id="44" depart="44.00">
        <routeDistribution last="0">
            <route cost="102.60" probability="1.00000000" edges="-gneE18 -gneE17 -gneE6 gneE7 gneE11 -gneE14 -gneE13"/>
        </routeDistribution>
    </vehicle>
    <vehicle id="45" depart="45.00">
        <routeDistribution last="0">
            <route cost="65.73" probability="1.00000000" edges="-gneE2 gneE5 -gneE23 gneE24"/>
        </routeDistribution>
    </vehicle>
    <vehicle id="48" depart="48.00">
        <routeDistribution last="0">
            <route cost="165.67" probability="1.00000000" edges="gneE7 gneE11 gneE12 gneE23 -gneE5 gneE2 -gneE10 -gneE7 gneE6 gneE17 gneE18"/>
        </routeDistribution>
    </vehicle>
    <vehicle id="50" depart="50.00">
        <routeDistribution last="0">
            <route cost="137.38" probability="1.00000000" edges="-gneE10 gneE11 gneE12 gneE23 -gneE5 gneE4 gneE26 gneE32"/>
        </routeDistribution>
    </vehicle>
    <vehicle id="51" depart="51.00">
        <routeDistribution last="0">
            <route cost="81.16" probability="1.00000000" edges="gneE2 -gneE10 -gneE7 gneE6 gneE17 gneE18"/>
        </routeDistribution>
    </vehicle>
    <vehicle id="52" depart="52.00">
        <routeDistribution last="0">
            <route cost="73.89" probability="1.00000000" edges="-gneE32 -gneE26 -gneE4 -gneE3 gneE25"/>
        </routeDistribution>
    </vehicle>
    <vehicle id="53" depart="53.00">
        <routeDistribution last="0">
            <route cost="100.67" probability="1.00000000" edges="-gneE2 gneE5 -gneE23 -gneE12 -gneE11 -gneE7"/>
        </routeDistribution>
    </vehicle>
    <vehicle id="54" depart="54.00">
        <routeDistribution last="0">
            <route cost="96.09" probability="1.00000000" edges="-gneE45 -gneE44 -gneE43 -gneE42 -gneE41 gneE22 -gneE12 -gneE11 -gneE7 gneE6"/>
        </routeDistribution>
    </vehicle>
    <vehicle id="56" depart="56.00">
        <routeDistribution last="0">
            <route cost="72.04" probability="1.00000000" edges="-gneE6 gneE7 gneE11 gneE12 -gneE22"/>
        </routeDistribution>
    </vehicle>
    <vehicle id="57" depart="57.00">
        <routeDistribution last="0">
            <route cost="4.21" probability="1.00000000" edges="gneE43"/>
        </routeDistribution>
    </vehicle>
    <vehicle id="63" depart="63.00">
        <routeDistribution last="0">
            <route cost="53.78" probability="1.00000000" edges="-gneE11 gneE10 -gneE2 gneE5"/>
        </routeDistribution>
    </vehicle>
    <vehicle id="64" depart="64.00">
        <routeDistribution last="0">
            <route cost="3.50" probability="1.00000000" edges="gneE41"/>
        </routeDistribution>
    </vehicle>
    <vehicle id="67" depart="67.00">
        <routeDistribution last="0">
            <route cost="79.56" probability="1.00000000" edges="-gneE18 -gneE17 -gneE6 gneE7 gneE11 gneE12"/>
        </routeDistribution>
    </vehicle>
    <vehicle id="70" depart="70.00">
        <routeDistribution last="0">
            <route cost="136.07" probability="1.00000000" edges="-gneE46 -gneE45 -gneE44 -gneE43 -gneE42 -gneE41 gneE22 -gneE12 -gneE11 -gneE7 gneE6 gneE17 gneE18 gneE19"/>
        </routeDistribution>
    </vehicle>
    <vehicle id="71" depart="71.00">
        <routeDistribution last="0">
            <route cost="109.26" probability="1.00000000" edges="-gneE32 -gneE26 -gneE4 gneE5 -gneE23 -gneE22 gneE41 gneE42 gneE43"/>
        </routeDistribution>
    </vehicle>
    <vehicle id="73" depart="73.00">
        <routeDistribution last="0">
            <route cost="128.87" probability="1.00000000" edges="-gneE9 gneE7 gneE10 -gneE2 gneE4 gneE26 gneE32 gneE33"/>
        </routeDistribution>
    </vehicle>
    <vehicle id="74" depart="74.00">
        <routeDistribution last="0">
            <route cost="35.62" probability="1.00000000" edges="-gneE26 -gneE4"/>
        </routeDistribution>
    </vehicle>
    <vehicle id="75" depart="75.00">
        <routeDistribution last="0">
            <route cost="82.45" probability="1.00000000" edges="gneE7 gneE10 -gneE2 gneE4 gneE26"/>
        </routeDistribution>
    </vehicle>
    <vehicle id="76" depart="76.00">
        <routeDistribution last="0">
            <route cost="99.65" probability="1.00000000" edges="-gneE44 -gneE43 -gneE42 -gneE41 gneE22 -gneE12 -gneE11 -gneE7 gneE6 gneE17"/>
        </routeDistribution>
    </vehicle>
    <vehicle id="80" depart="80.00">
        <routeDistribution last="0">
            <route cost="94.84" probability="1.00000000" edges="-gneE17 -gneE6 gneE7 gneE10 -gneE2 -gneE3 gneE25"/>
        </routeDistribution>
    </vehicle>
    <vehicle id="81" depart="81.00">
        <routeDistribution last="0">
            <route cost="171.07" probability="1.00000000" edges="-gneE27 -gneE21 -gneE19 -gneE18 -gneE17 -gneE6 gneE7 gneE11 gneE12 -gneE22 gneE41 gneE42 gneE43 gneE44 gneE45"/>
        </routeDistribution>
    </vehicle>
    <vehicle id="84" depart="84.00">
        <routeDistribution last="0">
            <route cost="138.31" probability="1.00000000" edges="-gneE26 -gneE4 gneE5 -gneE23 -gneE12 -gneE11 gneE10 -gneE2"/>
        </routeDistribution>
    </vehicle>
    <vehicle id="88" depart="88.00">
        <routeDistribution last="0">
            <route cost="178.46" probability="1.00000000" edges="-gneE19 -gneE18 -gneE17 -gneE6 gneE7 gneE11 gneE12 gneE23 -gneE5 gneE2 -gneE10 -gneE7"/>
        </routeDistribution>
    </vehicle>
    <vehicle id="89" depart="89.00">
        <routeDistribution last="0">
            <route cost="95.72" probability="1.00000000" edges="-gneE43 -gneE42 -gneE41 gneE22 gneE23 -gneE5 gneE2 -gneE10 gneE11"/>
        </routeDistribution>
    </vehicle>
    <vehicle id="90" depart="90.00">
        <routeDistribution last="0">
            <route cost="148.90" probability="1.00000000" edges="gneE22 -gneE12 -gneE11 -gneE7 gneE6 gneE17 gneE18 gneE19 gneE21 gneE27"/>
        </routeDistribution>
    </vehicle>
    <vehicle id="92" depart="92.00">
        <routeDistribution last="0">
            <route cost="4.67" probability="1.00000000" edges="-gneE42"/>
        </routeDistribution>
    </vehicle>
    <vehicle id="94" depart="94.00">
        <routeDistribution last="0">
            <route cost="111.54" probability="1.00000000" edges="-gneE25 gneE3 gneE5 -gneE23 -gneE12 -gneE11 gneE10"/>
        </routeDistribution>
    </vehicle>
    <vehicle id="97" depart="97.00">
        <routeDistribution last="0">
            <route cost="139.04" probability="1.00000000" edges="-gneE44 -gneE43 -gneE42 -gneE41 gneE22 gneE23 -gneE5 gneE2 -gneE10 gneE11 gneE12 -gneE22 gneE41 gneE42"/>
        </routeDistribution>
    </vehicle>
    <vehicle id="98" depart="98.00">
        <routeDistribution last="0">
            <route cost="84.89" probability="1.00000000" edges="-gneE9 gneE7 gneE11 -gneE14 -gneE13"/>
        </routeDistribution>
    </vehicle>
    <vehicle id="99" depart="99.00">
        <routeDistribution last="0">
            <route cost="60.38" probability="1.00000000" edges="gneE7 gneE11 gneE12 -gneE22 gneE41"/>
        </routeDistribution>
    </vehicle>
    <vehicle id="100" depart="100.00">
        <routeDistribution last="0">
            <route cost="13.65" probability="1.00000000" edges="gneE5"/>
        </routeDistribution>
    </vehicle>
    <vehicle id="103" depart="103.00">
        <routeDistribution last="0">
            <route cost="83.53" probability="1.00000000" edges="-gneE42 -gneE41 gneE22 -gneE12 -gneE14 -gneE13"/>
        </routeDistribution>
    </vehicle>
    <vehicle id="107" depart="107.00">
        <routeDistribution last="0">
            <route cost="100.90" probability="1.00000000" edges="gneE5 -gneE23 -gneE12 -gneE11 -gneE7 gneE9"/>
        </routeDistribution>
    </vehicle>
    <vehicle id="108" depart="108.00">
        <routeDistribution last="0">
            <route cost="81.92" probability="1.00000000" edges="gneE10 -gneE2 gneE4 gneE26 gneE32"/>
        </routeDistribution>
    </vehicle>
    <vehicle id="110" depart="110.00">
        <routeDistribution last="0">
            <route cost="158.28" probability="1.00000000" edges="gneE5 -gneE23 -gneE12 -gneE11 -gneE7 gneE6 gneE17 gneE18 gneE19 gneE21"/>
        </routeDistribution>
    </vehicle>
    <vehicle id="113" depart="113.00">
        <routeDistribution last="0">
            <route cost="80.29" probability="1.00000000" edges="-gneE6 gneE7 gneE11 gneE12 -gneE22 gneE41 gneE42"/>
        </routeDistribution>
    </vehicle>
    <vehicle id="115" depart="115.00">
        <routeDistribution last="0">
            <route cost="114.27" probability="1.00000000" edges="-gneE18 -gneE17 -gneE6 gneE7 gneE10 -gneE2 gneE5 -gneE23"/>
        </routeDistribution>
    </vehicle>
    <vehicle id="116" depart="116.00">
        <routeDistribution last="0">
            <route cost="198.15" probability="1.00000000" edges="gneE12 gneE23 -gneE5 gneE2 -gneE10 -gneE7 gneE6 gneE17 gneE18 gneE19 gneE21 gneE27"/>
        </routeDistribution>
    </vehicle>
    <vehicle id="119" depart="119.00">
        <routeDistribution last="0">
            <route cost="35.48" probability="1.00000000" edges="gneE12 gneE24"/>
        </routeDistribution>
    </vehicle>
    <vehicle id="120" depart="120.00">
        <routeDistribution last="0">
            <route cost="140.74" probability="1.00000000" edges="-gneE43 -gneE42 -gneE41 gneE22 -gneE12 -gneE11 -gneE7 gneE6 gneE17 gneE18 gneE19 gneE21"/>
        </routeDistribution>
    </vehicle>
    <vehicle id="122" depart="122.00">
        <routeDistribution last="0">
            <route cost="190.59" probability="1.00000000" edges="-gneE26 -gneE4 gneE2 -gneE10 gneE11 gneE12 gneE23 -gneE5 gneE4 gneE26 gneE32"/>
        </routeDistribution>
    </vehicle>
    <vehicle id="126" depart="126.00">
        <routeDistribution last="0">
            <route cost="55.36" probability="1.00000000" edges="-gneE17 -gneE6 gneE7 gneE10"/>
        </routeDistribution>
    </vehicle>
    <vehicle id="127" depart="127.00">
        <routeDistribution last="0">
            <route cost="145.53" probability="1.00000000" edges="gneE7 gneE11 gneE12 gneE23 -gneE5 gneE2 -gneE10 -gneE7 gneE9"/>
        </routeDistribution>
    </vehicle>
    <vehicle id="129" depart="129.00">
        <routeDistribution last="0">
            <route cost="66.61" probability="1.00000000" edges="-gneE32 -gneE26 -gneE4 gneE5"/>
        </routeDistribution>
    </vehicle>
    <vehicle id="130" depart="130.00">
        <routeDistribution last="0">
            <route cost="16.07" probability="1.00000000" edges="gneE41 gneE42 gneE43 gneE44"/>
        </routeDistribution>
    </vehicle>
    <vehicle id="133" depart="133.00">
        <routeDistribution last="0">
            <route cost="82.56" probability="1.00000000" edges="gneE13 gneE14 -gneE11 -gneE7 gneE9"/>
        </routeDistribution>
    </vehicle>
    <vehicle id="137" depart="137.00">
        <routeDistribution last="0">
            <route cost="35.97" probability="1.00000000" edges="-gneE21 -gneE19"/>
        </routeDistribution>
    </vehicle>
    <vehicle id="138" depart="138.00">
        <routeDistribution last="0">
            <route cost="228.11" probability="1.00000000" edges="-gneE19 -gneE18 -gneE17 -gneE6 gneE7 gneE11 gneE12 gneE23 -gneE5 gneE2 -gneE10 -gneE7 gneE6 gneE17 gneE18 gneE19"/>
        </routeDistribution>
    </vehicle>
    <vehicle id="139" depart="139.00">
        <routeDistribution last="0">
            <route cost="137.00" probability="1.00000000" edges="-gneE32 -gneE26 -gneE4 gneE2 -gneE10 gneE11 gneE12 gneE23"/>
        </routeDistribution>
    </vehicle>
    <vehicle id="142" depart="142.00">
        <routeDistribution last="0">
            <route cost="107.26" probability="1.00000000" edges="-gneE5 gneE2 -gneE10 gneE11 gneE12 -gneE22 gneE41 gneE42 gneE43 gneE44 gneE45"/>
        </routeDistribution>
    </vehicle>
    <vehicle id="147" depart="147.00">
        <routeDistribution last="0">
            <route cost="131.95" probability="1.00000000" edges="gneE23 -gneE5 gneE2 -gneE10 -gneE7 gneE6 gneE17 gneE18 gneE19"/>
        </routeDistribution>
    </vehicle>
    <vehicle id="148" depart="148.00">
        <routeDistribution last="0">
            <route cost="85.31" probability="1.00000000" edges="-gneE43 -gneE42 -gneE41 gneE22 gneE23 -gneE5 gneE2 -gneE10"/>
        </routeDistribution>
    </vehicle>
    <vehicle id="149" depart="149.00">
        <routeDistribution last="0">
            <route cost="98.41" probability="1.00000000" edges="-gneE17 -gneE6 gneE7 gneE11 gneE12 -gneE22 gneE41 gneE42 gneE43 gneE44"/>
        </routeDistribution>
    </vehicle>
    <vehicle id="154" depart="154.00">
        <routeDistribution last="0">
            <route cost="68.65" probability="1.00000000" edges="gneE3 gneE5 -gneE23 -gneE22 gneE41 gneE42"/>
        </routeDistribution>
    </vehicle>
    <vehicle id="158" depart="158.00">
        <routeDistribution last="0">
            <route cost="32.36" probability="1.00000000" edges="-gneE42 -gneE41 gneE22 gneE24"/>
        </routeDistribution>
    </vehicle>
    <vehicle id="159" depart="159.00">
        <routeDistribution last="0">
            <route cost="101.06" probability="1.00000000" edges="-gneE23 -gneE12 -gneE11 gneE10 -gneE2 gneE5"/>
        </routeDistribution>
    </vehicle>
    <vehicle id="162" depart="162.00">
        <routeDistribution last="0">
            <route cost="108.22" probability="1.00000000" edges="-gneE11 gneE10 -gneE2 gneE4 gneE26 gneE32 gneE33"/>
        </routeDistribution>
    </vehicle>
    <vehicle id="171" depart="171.00">
        <routeDistribution last="0">
            <route cost="75.90" probability="1.00000000" edges="-gneE11 gneE10 -gneE2 gneE5 -gneE23"/>
        </routeDistribution>
    </vehicle>
    <vehicle id="175" depart="175.00">
        <routeDistribution last="0">
            <route cost="31.79" probability="1.00000000" edges="gneE6 gneE17 gneE18"/>
        </routeDistribution>
    </vehicle>
    <vehicle id="179" depart="179.00">
        <routeDistribution last="0">
            <route cost="100.67" probability="1.00000000" edges="-gneE2 gneE5 -gneE23 -gneE12 -gneE11 -gneE7"/>
        </routeDistribution>
    </vehicle>
    <vehicle id="181" depart="181.00">
        <routeDistribution last="0">
            <route cost="95.26" probability="1.00000000" edges="gneE13 gneE14 -gneE11 -gneE7 gneE6 gneE17"/>
        </routeDistribution>
    </vehicle>
    <vehicle id="182" depart="182.00">
        <routeDistribution last="0">
            <route cost="130.83" probability="1.00000000" edges="-gneE41 gneE22 -gneE12 -gneE11 -gneE7 gneE6 gneE17 gneE18 gneE19 gneE21"/>
        </routeDistribution>
    </vehicle>
    <vehicle id="185" depart="185.00">
        <routeDistribution last="0">
            <route cost="115.33" probability="1.00000000" edges="-gneE8 gneE7 gneE10 -gneE2 gneE4 gneE26 gneE32"/>
        </routeDistribution>
    </vehicle>
    <vehicle id="186" depart="186.00">
        <routeDistribution last="0">
            <route cost="176.20" probability="1.00000000" edges="gneE23 -gneE5 gneE2 -gneE10 -gneE7 gneE6 gneE17 gneE18 gneE19 gneE21 gneE27"/>
        </routeDistribution>
    </vehicle>
    <vehicle id="187" depart="187.00">
        <routeDistribution last="0">
            <route cost="62.84" probability="1.00000000" edges="-gneE4 gneE2 -gneE10 gneE11 -gneE14"/>
        </routeDistribution>
    </vehicle>
    <vehicle id="193" depart="193.00">
        <routeDistribution last="0">
            <route cost="68.49" probability="1.00000000" edges="-gneE21 -gneE19 -gneE18 -gneE17 -gneE6"/>
        </routeDistribution>
    </vehicle>
    <vehicle id="198" depart="198.00">
        <routeDistribution last="0">
            <route cost="140.74" probability="1.00000000" edges="-gneE43 -gneE42 -gneE41 gneE22 -gneE12 -gneE11 -gneE7 gneE6 gneE17 gneE18 gneE19 gneE21"/>
        </routeDistribution>
    </vehicle>
    <vehicle id="201" depart="201.00">
        <routeDistribution last="0">
            <route cost="167.89" probability="1.00000000" edges="-gneE46 -gneE45 -gneE44 -gneE43 -gneE42 -gneE41 gneE22 gneE23 -gneE5 gneE2 -gneE10 gneE11 gneE12 -gneE22 gneE41 gneE42 gneE43 gneE44 gneE45"/>
        </routeDistribution>
    </vehicle>
    <vehicle id="202" depart="202.00">
        <routeDistribution last="0">
            <route cost="60.40" probability="1.00000000" edges="gneE3 gneE5 -gneE23 -gneE22"/>
        </routeDistribution>
    </vehicle>
    <vehicle id="203" depart="203.00">
        <routeDistribution last="0">
            <route cost="190.86" probability="1.00000000" edges="-gneE18 -gneE17 -gneE6 gneE7 gneE11 gneE12 gneE23 -gneE5 gneE2 -gneE10 -gneE7 gneE6 gneE17"/>
        </routeDistribution>
    </vehicle>
    <vehicle id="207" depart="207.00">
        <routeDistribution last="0">
            <route cost="96.79" probability="1.00000000" edges="-gneE25 gneE3 gneE5 -gneE23 -gneE12 -gneE11"/>
        </routeDistribution>
    </vehicle>
    <vehicle id="210" depart="210.00">
        <routeDistribution last="0">
            <route cost="32.36" probability="1.00000000" edges="-gneE42 -gneE41 gneE22 gneE24"/>
        </routeDistribution>
    </vehicle>
    <vehicle id="212" depart="212.00">
        <routeDistribution last="0">
            <route cost="76.92" probability="1.00000000" edges="-gneE6 gneE7 gneE10 -gneE2 -gneE3"/>
        </routeDistribution>
    </vehicle>
    <vehicle id="215" depart="215.00">
        <routeDistribution last="0">
            <route cost="46.46" probability="1.00000000" edges="-gneE19 -gneE18 -gneE17 -gneE6"/>
        </routeDistribution>
    </vehicle>
    <vehicle id="219" depart="219.00">
        <routeDistribution last="0">
            <route cost="83.83" probability="1.00000000" edges="-gneE45 -gneE44 -gneE43 -gneE42 -gneE41 gneE22 gneE23 -gneE5 gneE4"/>
        </routeDistribution>
    </vehicle>
    <vehicle id="221" depart="221.00">
        <routeDistribution last="0">
            <route cost="121.30" probability="1.00000000" edges="gneE12 gneE23 -gneE5 gneE2 -gneE10 -gneE7 gneE6"/>
        </routeDistribution>
    </vehicle>
    <vehicle id="231" depart="231.00">
        <routeDistribution last="0">
            <route cost="51.57" probability="1.00000000" edges="-gneE32 -gneE26 -gneE4"/>
        </routeDistribution>
    </vehicle>
    <vehicle id="232" depart="232.00">
        <routeDistribution last="0">
            <route cost="59.74" probability="1.00000000" edges="-gneE9 gneE7 gneE10 -gneE2"/>
        </routeDistribution>
    </vehicle>
    <vehicle id="235" depart="235.00">
        <routeDistribution last="0">
            <route cost="113.19" probability="1.00000000" edges="-gneE42 -gneE41 gneE22 -gneE12 -gneE11 -gneE7 gneE6 gneE17 gneE18 gneE19"/>
        </routeDistribution>
    </vehicle>
    <vehicle id="237" depart="237.00">
        <routeDistribution last="0">
            <route cost="149.92" probability="1.00000000" edges="-gneE43 -gneE42 -gneE41 gneE22 gneE23 -gneE5 gneE2 -gneE10 gneE11 gneE12 -gneE22 gneE41 gneE42 gneE43 gneE44 gneE45"/>
        </routeDistribution>
    </vehicle>
    <vehicle id="244" depart="244.00">
        <routeDistribution last="0">
            <route cost="84.08" probability="1.00000000" edges="-gneE9 gneE7 gneE11 gneE12 gneE23"/>
        </routeDistribution>
    </vehicle>
    <vehicle id="246" depart="246.00">
        <routeDistribution last="0">
            <route cost="57.67" probability="1.00000000" edges="-gneE44 -gneE43 -gneE42 -gneE41 gneE22 -gneE12 -gneE11"/>
        </routeDistribution>
    </vehicle>
    <vehicle id="249" depart="249.00">
        <routeDistribution last="0">
            <route cost="101.73" probability="1.00000000" edges="-gneE46 -gneE45 -gneE44 -gneE43 -gneE42 -gneE41 gneE22 -gneE12 -gneE11 gneE10 -gneE2"/>
        </routeDistribution>
    </vehicle>
    <vehicle id="250" depart="250.00">
        <routeDistribution last="0">
            <route cost="16.85" probability="1.00000000" edges="gneE14 -gneE11"/>
        </routeDistribution>
    </vehicle>
    <vehicle id="251" depart="251.00">
        <routeDistribution last="0">
            <route cost="61.09" probability="1.00000000" edges="-gneE41 gneE22 gneE23 -gneE5 gneE2"/>
        </routeDistribution>
    </vehicle>
    <vehicle id="252" depart="252.00">
        <routeDistribution last="0">
            <route cost="63.64" probability="1.00000000" edges="-gneE11 gneE10 -gneE2 -gneE3 gneE25"/>
        </routeDistribution>
    </vehicle>
    <vehicle id="253" depart="253.00">
        <routeDistribution last="0">
            <route cost="95.25" probability="1.00000000" edges="-gneE21 -gneE19 -gneE18 -gneE17 -gneE6 gneE7 gneE11"/>
        </routeDistribution>
    </vehicle>
    <vehicle id="257" depart="257.00">
        <routeDistribution last="0">
            <route cost="109.57" probability="1.00000000" edges="gneE23 -gneE5 gneE2 -gneE10 gneE11 gneE12 -gneE22 gneE41"/>
        </routeDistribution>
    </vehicle>
    <vehicle id="259" depart="259.00">
        <routeDistribution last="0">
            <route cost="73.43" probability="1.00000000" edges="-gneE11 -gneE7 gneE6 gneE17 gneE18 gneE19"/>
        </routeDistribution>
    </vehicle>
    <vehicle id="265" depart="265.00">
        <routeDistribution last="0">
            <route cost="294.39" probability="1.00000000" edges="-gneE21 -gneE19 -gneE18 -gneE17 -gneE6 gneE7 gneE11 gneE12 gneE23 -gneE5 gneE2 -gneE10 -gneE7 gneE6 gneE17 gneE18 gneE19 gneE21 gneE27"/>
        </routeDistribution>
    </vehicle>
    <vehicle id="271" depart="271.00">
        <routeDistribution last="0">
            <route cost="86.31" probability="1.00000000" edges="-gneE2 gneE5 -gneE23 -gneE12 -gneE11"/>
        </routeDistribution>
    </vehicle>
    <vehicle id="275" depart="275.00">
        <routeDistribution last="0">
            <route cost="74.83" probability="1.00000000" edges="gneE2 -gneE10 gneE11 gneE12 gneE24"/>
        </routeDistribution>
    </vehicle>
    <vehicle id="278" depart="278.00">
        <routeDistribution last="0">
            <route cost="115.94" probability="1.00000000" edges="-gneE2 gneE5 -gneE23 -gneE12 -gneE11 -gneE7 gneE8"/>
        </routeDistribution>
    </vehicle>
    <vehicle id="283" depart="283.00">
        <routeDistribution last="0">
            <route cost="61.21" probability="1.00000000" edges="-gneE19 -gneE18 -gneE17 -gneE6 gneE7"/>
        </routeDistribution>
    </vehicle>
    <vehicle id="287" depart="287.00">
        <routeDistribution last="0">
            <route cost="168.23" probability="1.00000000" edges="-gneE32 -gneE26 -gneE4 gneE2 -gneE10 gneE11 gneE12 gneE23 -gneE5 gneE4"/>
        </routeDistribution>
    </vehicle>
    <vehicle id="288" depart="288.00">
        <routeDistribution last="0">
            <route cost="64.08" probability="1.00000000" edges="-gneE8 gneE7 gneE11 gneE12"/>
        </routeDistribution>
    </vehicle>
    <vehicle id="289" depart="289.00">
        <routeDistribution last="0">
            <route cost="130.92" probability="1.00000000" edges="-gneE44 -gneE43 -gneE42 -gneE41 gneE22 gneE23 -gneE5 gneE4 gneE26 gneE32 gneE33"/>
        </routeDistribution>
    </vehicle>
    <vehicle id="290" depart="290.00">
        <routeDistribution last="0">
            <route cost="104.68" probability="1.00000000" edges="-gneE32 -gneE26 -gneE4 gneE5 -gneE23 -gneE22 gneE41 gneE42"/>
        </routeDistribution>
    </vehicle>
    <vehicle id="293" depart="293.00">
        <routeDistribution last="0">
            <route cost="59.97" probability="1.00000000" edges="-gneE46 -gneE45 -gneE44 -gneE43 -gneE42 -gneE41 gneE22 gneE23"/>
        </routeDistribution>
    </vehicle>
    <vehicle id="299" depart="299.00">
        <routeDistribution last="0">
            <route cost="48.84" probability="1.00000000" edges="-gneE10 -gneE7 gneE6"/>
        </routeDistribution>
    </vehicle>
    <vehicle id="300" depart="300.00">
        <routeDistribution last="0">
            <route cost="130.81" probability="1.00000000" edges="-gneE18 -gneE17 -gneE6 gneE7 gneE10 -gneE2 gneE4 gneE26 gneE32"/>
        </routeDistribution>
    </vehicle>
    <vehicle id="302" depart="302.00">
        <routeDistribution last="0">
            <route cost="119.13" probability="1.00000000" edges="gneE2 -gneE10 gneE11 gneE12 gneE23 -gneE5 -gneE3 gneE25"/>
        </routeDistribution>
    </vehicle>
    <vehicle id="306" depart="306.00">
        <routeDistribution last="0">
            <route cost="9.41" probability="1.00000000" edges="gneE11"/>
        </routeDistribution>
    </vehicle>
    <vehicle id="314" depart="314.00">
        <routeDistribution last="0">
            <route cost="84.67" probability="1.00000000" edges="-gneE5 gneE4 gneE26 gneE32 gneE33"/>
        </routeDistribution>
    </vehicle>
    <vehicle id="315" depart="315.00">
        <routeDistribution last="0">
            <route cost="31.79" probability="1.00000000" edges="gneE6 gneE17 gneE18"/>
        </routeDistribution>
    </vehicle>
    <vehicle id="318" depart="318.00">
        <routeDistribution last="0">
            <route cost="81.31" probability="1.00000000" edges="-gneE24 gneE23 -gneE5 gneE2 -gneE10"/>
        </routeDistribution>
    </vehicle>
    <vehicle id="320" depart="320.00">
        <routeDistribution last="0">
            <route cost="46.39" probability="1.00000000" edges="gneE6 gneE17 gneE18 gneE19"/>
        </routeDistribution>
    </vehicle>
    <vehicle id="324" depart="324.00">
        <routeDistribution last="0">
            <route cost="86.41" probability="1.00000000" edges="-gneE46 -gneE45 -gneE44 -gneE43 -gneE42 -gneE41 gneE22 -gneE12 -gneE11 -gneE7"/>
        </routeDistribution>
    </vehicle>
    <vehicle id="325" depart="325.00">
        <routeDistribution last="0">
            <route cost="81.86" probability="1.00000000" edges="-gneE24 -gneE12 -gneE14 -gneE13"/>
        </routeDistribution>
    </vehicle>
    <vehicle id="328" depart="328.00">
        <routeDistribution last="0">
            <route cost="87.31" probability="1.00000000" edges="-gneE17 -gneE6 gneE7 gneE11 gneE12 gneE24"/>
        </routeDistribution>
    </vehicle>
    <vehicle id="335" depart="335.00">
        <routeDistribution last="0">
            <route cost="139.04" probability="1.00000000" edges="-gneE44 -gneE43 -gneE42 -gneE41 gneE22 gneE23 -gneE5 gneE2 -gneE10 gneE11 gneE12 -gneE22 gneE41 gneE42"/>
        </routeDistribution>
    </vehicle>
    <vehicle id="337" depart="337.00">
        <routeDistribution last="0">
            <route cost="54.02" probability="1.00000000" edges="gneE14 gneE12 gneE23"/>
        </routeDistribution>
    </vehicle>
    <vehicle id="338" depart="338.00">
        <routeDistribution last="0">
            <route cost="99.35" probability="1.00000000" edges="gneE23 -gneE5 gneE2 -gneE10 -gneE7 gneE6"/>
        </routeDistribution>
    </vehicle>
    <vehicle id="339" depart="339.00">
        <routeDistribution last="0">
            <route cost="21.31" probability="1.00000000" edges="-gneE26"/>
        </routeDistribution>
    </vehicle>
    <vehicle id="341" depart="341.00">
        <routeDistribution last="0">
            <route cost="44.82" probability="1.00000000" edges="-gneE24 -gneE12 -gneE14"/>
        </routeDistribution>
    </vehicle>
    <vehicle id="347" depart="347.00">
        <routeDistribution last="0">
            <route cost="67.96" probability="1.00000000" edges="gneE3 gneE5 -gneE23 gneE24"/>
        </routeDistribution>
    </vehicle>
    <vehicle id="349" depart="349.00">
        <routeDistribution last="0">
            <route cost="118.10" probability="1.00000000" edges="-gneE43 -gneE42 -gneE41 gneE22 -gneE12 -gneE11 -gneE7 gneE6 gneE17 gneE18 gneE19"/>
        </routeDistribution>
    </vehicle>
    <vehicle id="353" depart="353.00">
        <routeDistribution last="0">
            <route cost="49.85" probability="1.00000000" edges="gneE23 -gneE5 gneE2"/>
        </routeDistribution>
    </vehicle>
    <vehicle id="354" depart="354.00">
        <routeDistribution last="0">
            <route cost="169.20" probability="1.00000000" edges="-gneE33 -gneE32 -gneE26 -gneE4 gneE5 -gneE23 -gneE12 -gneE11 gneE10 -gneE2"/>
        </routeDistribution>
    </vehicle>
    <vehicle id="358" depart="358.00">
        <routeDistribution last="0">
            <route cost="46.94" probability="1.00000000" edges="-gneE12 -gneE11 -gneE7"/>
        </routeDistribution>
    </vehicle>
    <vehicle id="360" depart="360.00">
        <routeDistribution last="0">
            <route cost="46.00" probability="1.00000000" edges="-gneE18 -gneE17 -gneE6 gneE7"/>
        </routeDistribution>
    </vehicle>
    <vehicle id="365" depart="365.00">
        <routeDistribution last="0">
            <route cost="113.79" probability="1.00000000" edges="-gneE46 -gneE45 -gneE44 -gneE43 -gneE42 -gneE41 gneE22 gneE23 -gneE5 gneE4 gneE26"/>
        </routeDistribution>
    </vehicle>
    <vehicle id="367" depart="367.00">
        <routeDistribution last="0">
            <route cost="79.78" probability="1.00000000" edges="gneE12 gneE23 -gneE5 -gneE3 gneE25"/>
        </routeDistribution>
    </vehicle>
    <vehicle id="372" depart="372.00">
        <routeDistribution last="0">
            <route cost="132.94" probability="1.00000000" edges="-gneE33 -gneE32 -gneE26 -gneE4 gneE2 -gneE10 -gneE7 gneE6"/>
        </routeDistribution>
    </vehicle>
    <vehicle id="376" depart="376.00">
        <routeDistribution last="0">
            <route cost="91.15" probability="1.00000000" edges="-gneE42 -gneE41 gneE22 -gneE12 -gneE11 -gneE7 gneE6 gneE17"/>
        </routeDistribution>
    </vehicle>
    <vehicle id="377" depart="377.00">
        <routeDistribution last="0">
            <route cost="82.45" probability="1.00000000" edges="gneE7 gneE10 -gneE2 gneE4 gneE26"/>
        </routeDistribution>
    </vehicle>
    <vehicle id="378" depart="378.00">
        <routeDistribution last="0">
            <route cost="98.39" probability="1.00000000" edges="-gneE9 gneE7 gneE11 gneE12 gneE23 -gneE5"/>
        </routeDistribution>
    </vehicle>
    <vehicle id="382" depart="382.00">
        <routeDistribution last="0">
            <route cost="74.43" probability="1.00000000" edges="-gneE9 gneE7 gneE10 -gneE2 gneE5"/>
        </routeDistribution>
    </vehicle>
    <vehicle id="384" depart="384.00">
        <routeDistribution last="0">
            <route cost="115.94" probability="1.00000000" edges="-gneE2 gneE5 -gneE23 -gneE12 -gneE11 -gneE7 gneE8"/>
        </routeDistribution>
    </vehicle>
    <vehicle id="385" depart="385.00">
        <routeDistribution last="0">
            <route cost="99.88" probability="1.00000000" edges="gneE13 gneE14 -gneE11 gneE10 -gneE2 -gneE3"/>
        </routeDistribution>
    </vehicle>
    <vehicle id="386" depart="386.00">
        <routeDistribution last="0">
            <route cost="120.72" probability="1.00000000" edges="-gneE23 -gneE12 -gneE11 -gneE7 gneE6 gneE17 gneE18 gneE19"/>
        </routeDistribution>
    </vehicle>
    <vehicle id="388" depart="388.00">
        <routeDistribution last="0">
            <route cost="87.59" probability="1.00000000" edges="gneE7 gneE11 gneE12 -gneE22 gneE41 gneE42 gneE43 gneE44 gneE45 gneE46"/>
        </routeDistribution>
    </vehicle>
    <vehicle id="392" depart="392.00">
        <routeDistribution last="0">
            <route cost="99.95" probability="1.00000000" edges="-gneE32 -gneE26 -gneE4 gneE5 -gneE23 -gneE22 gneE41"/>
        </routeDistribution>
    </vehicle>
    <vehicle id="396" depart="396.00">
        <routeDistribution last="0">
            <route cost="12.81" probability="1.00000000" edges="gneE41 gneE42 gneE43"/>
        </routeDistribution>
    </vehicle>
    <vehicle id="398" depart="398.00">
        <routeDistribution last="0">
            <route cost="93.54" probability="1.00000000" edges="-gneE42 -gneE41 gneE22 -gneE12 -gneE11 gneE10 -gneE2 gneE5"/>
        </routeDistribution>
    </vehicle>
    <vehicle id="401" depart="401.00">
        <routeDistribution last="0">
            <route cost="119.16" probability="1.00000000" edges="gneE12 gneE23 -gneE5 gneE2 -gneE10 -gneE7 gneE9"/>
        </routeDistribution>
    </vehicle>
    <vehicle id="404" depart="404.00">
        <routeDistribution last="0">
            <route cost="61.65" probability="1.00000000" edges="-gneE9 gneE6 gneE17 gneE18 gneE19"/>
        </routeDistribution>
    </vehicle>
    <vehicle id="407" depart="407.00">
        <routeDistribution last="0">
            <route cost="82.55" probability="1.00000000" edges="gneE11 gneE12 gneE23 -gneE5 -gneE3"/>
        </routeDistribution>
    </vehicle>
    <vehicle id="414" depart="414.00">
        <routeDistribution last="0">
            <route cost="43.33" probability="1.00000000" edges="gneE12 -gneE22 gneE41 gneE42 gneE43"/>
        </routeDistribution>
    </vehicle>
    <vehicle id="416" depart="416.00">
        <routeDistribution last="0">
            <route cost="47.05" probability="1.00000000" edges="-gneE8 gneE7 gneE10"/>
        </routeDistribution>
    </vehicle>
    <vehicle id="426" depart="426.00">
        <routeDistribution last="0">
            <route cost="94.84" probability="1.00000000" edges="-gneE17 -gneE6 gneE7 gneE10 -gneE2 -gneE3 gneE25"/>
        </routeDistribution>
    </vehicle>
    <vehicle id="428" depart="428.00">
        <routeDistribution last="0">
            <route cost="82.30" probability="1.00000000" edges="gneE23 -gneE5 gneE2 -gneE10 -gneE7"/>
        </routeDistribution>
    </vehicle>
    <vehicle id="429" depart="429.00">
        <routeDistribution last="0">
            <route cost="117.22" probability="1.00000000" edges="-gneE19 -gneE18 -gneE17 -gneE6 gneE7 gneE10 -gneE2 -gneE3 gneE25"/>
        </routeDistribution>
    </vehicle>
    <vehicle id="441" depart="441.00">
        <routeDistribution last="0">
            <route cost="99.07" probability="1.00000000" edges="-gneE10 gneE11 gneE12 gneE23 -gneE5 gneE4"/>
        </routeDistribution>
    </vehicle>
    <vehicle id="443" depart="443.00">
        <routeDistribution last="0">
            <route cost="71.06" probability="1.00000000" edges="-gneE23 -gneE12 -gneE11 -gneE7"/>
        </routeDistribution>
    </vehicle>
    <vehicle id="448" depart="448.00">
        <routeDistribution last="0">
            <route cost="28.69" probability="1.00000000" edges="-gneE5 -gneE3"/>
        </routeDistribution>
    </vehicle>
    <vehicle id="449" depart="449.00">
        <routeDistribution last="0">
            <route cost="186.95" probability="1.00000000" edges="gneE11 gneE12 gneE23 -gneE5 gneE2 -gneE10 -gneE7 gneE6 gneE17 gneE18 gneE19 gneE21"/>
        </routeDistribution>
    </vehicle>
    <vehicle id="452" depart="452.00">
        <routeDistribution last="0">
            <route cost="68.50" probability="1.00000000" edges="-gneE32 -gneE26 -gneE4 gneE2"/>
        </routeDistribution>
    </vehicle>
    <vehicle id="455" depart="455.00">
        <routeDistribution last="0">
            <route cost="94.76" probability="1.00000000" edges="-gneE6 gneE7 gneE11 gneE12 -gneE22 gneE41 gneE42 gneE43 gneE44 gneE45"/>
        </routeDistribution>
    </vehicle>
    <vehicle id="459" depart="459.00">
        <routeDistribution last="0">
            <route cost="151.70" probability="1.00000000" edges="gneE2 -gneE10 gneE11 gneE12 gneE23 -gneE5 gneE4 gneE26 gneE32"/>
        </routeDistribution>
    </vehicle>
    <vehicle id="461" depart="461.00">
        <routeDistribution last="0">
            <route cost="64.44" probability="1.00000000" edges="gneE14 gneE12 -gneE22 gneE41 gneE42 gneE43 gneE44 gneE45"/>
        </routeDistribution>
    </vehicle>
    <vehicle id="463" depart="463.00">
        <routeDistribution last="0">
            <route cost="144.33" probability="1.00000000" edges="-gneE44 -gneE43 -gneE42 -gneE41 gneE22 -gneE12 -gneE11 -gneE7 gneE6 gneE17 gneE18 gneE19 gneE21"/>
        </routeDistribution>
    </vehicle>
    <vehicle id="466" depart="466.00">
        <routeDistribution last="0">
            <route cost="77.17" probability="1.00000000" edges="-gneE24 -gneE12 -gneE11 gneE10 -gneE2"/>
        </routeDistribution>
    </vehicle>
    <vehicle id="467" depart="467.00">
        <routeDistribution last="0">
            <route cost="31.03" probability="1.00000000" edges="-gneE9 gneE8"/>
        </routeDistribution>
    </vehicle>
    <vehicle id="468" depart="468.00">
        <routeDistribution last="0">
            <route cost="104.74" probability="1.00000000" edges="-gneE8 gneE7 gneE11 gneE12 -gneE22 gneE41 gneE42 gneE43 gneE44 gneE45 gneE46"/>
        </routeDistribution>
    </vehicle>
    <vehicle id="471" depart="471.00">
        <routeDistribution last="0">
            <route cost="13.85" probability="1.00000000" edges="gneE30 gneE34"/>
        </routeDistribution>
    </vehicle>
    <vehicle id="474" depart="474.00">
        <routeDistribution last="0">
            <route cost="51.72" probability="1.00000000" edges="gneE5 -gneE23 -gneE22 gneE41 gneE42"/>
        </routeDistribution>
    </vehicle>
    <vehicle id="475" depart="475.00">
        <routeDistribution last="0">
            <route cost="70.26" probability="1.00000000" edges="gneE22 -gneE12 -gneE11 -gneE7 gneE8"/>
        </routeDistribution>
    </vehicle>
    <vehicle id="476" depart="476.00">
        <routeDistribution last="0">
            <route cost="116.34" probability="1.00000000" edges="gneE5 -gneE23 -gneE12 -gneE11 gneE10 -gneE2 gneE4"/>
        </routeDistribution>
    </vehicle>
    <vehicle id="478" depart="478.00">
        <routeDistribution last="0">
            <route cost="66.85" probability="1.00000000" edges="-gneE10 -gneE7 gneE6 gneE17 gneE18"/>
        </routeDistribution>
    </vehicle>
    <vehicle id="479" depart="479.00">
        <routeDistribution last="0">
            <route cost="172.94" probability="1.00000000" edges="-gneE45 -gneE44 -gneE43 -gneE42 -gneE41 gneE22 -gneE12 -gneE11 -gneE7 gneE6 gneE17 gneE18 gneE19 gneE21 gneE27"/>
        </routeDistribution>
    </vehicle>
    <vehicle id="480" depart="480.00">
        <routeDistribution last="0">
            <route cost="36.58" probability="1.00000000" edges="gneE19 gneE21"/>
        </routeDistribution>
    </vehicle>
    <vehicle id="482" depart="482.00">
        <routeDistribution last="0">
            <route cost="30.57" probability="1.00000000" edges="-gneE2 -gneE3"/>
        </routeDistribution>
    </vehicle>
    <vehicle id="483" depart="483.00">
        <routeDistribution last="0">
            <route cost="99.68" probability="1.00000000" edges="-gneE11 gneE10 -gneE2 gneE5 -gneE23 -gneE22 gneE41 gneE42 gneE43 gneE44"/>
        </routeDistribution>
    </vehicle>
    <vehicle id="484" depart="484.00">
        <routeDistribution last="0">
            <route cost="103.81" probability="1.00000000" edges="gneE10 -gneE2 gneE5 -gneE23 -gneE22 gneE41 gneE42 gneE43 gneE44 gneE45 gneE46"/>
        </routeDistribution>
    </vehicle>
    <vehicle id="485" depart="485.00">
        <routeDistribution last="0">
            <route cost="124.41" probability="1.00000000" edges="-gneE27 -gneE21 -gneE19 -gneE18 -gneE17 -gneE6 gneE7 gneE11 -gneE14"/>
        </routeDistribution>
    </vehicle>
    <vehicle id="490" depart="490.00">
        <routeDistribution last="0">
            <route cost="120.80" probability="1.00000000" edges="-gneE19 -gneE18 -gneE17 -gneE6 gneE7 gneE11 gneE12 -gneE22 gneE41 gneE42 gneE43 gneE44"/>
        </routeDistribution>
    </vehicle>
    <vehicle id="491" depart="491.00">
        <routeDistribution last="0">
            <route cost="99.78" probability="1.00000000" edges="-gneE21 -gneE19 -gneE18 -gneE17 -gneE6 gneE7 gneE10"/>
        </routeDistribution>
    </vehicle>
    <vehicle id="496" depart="496.00">
        <routeDistribution last="0">
            <route cost="13.65" probability="1.00000000" edges="-gneE5"/>
        </routeDistribution>
    </vehicle>
</routes>
