<?xml version="1.0" encoding="UTF-8"?>

<!-- generated on 03/29/21 10:23:45 by Eclipse SUMO duarouter Version 1.8.0
<configuration xmlns:xsi="http://www.w3.org/2001/XMLSchema-instance" xsi:noNamespaceSchemaLocation="http://sumo.dlr.de/xsd/duarouterConfiguration.xsd">

    <input>
        <net-file value="city1.net.xml"/>
        <route-files value="trips.trips.xml"/>
    </input>

    <output>
        <output-file value="city1.rou.xml"/>
        <alternatives-output value="city1.rou.alt.xml"/>
    </output>

    <time>
        <begin value="0"/>
        <end value="500"/>
    </time>

    <report>
        <no-warnings value="true"/>
        <ignore-errors value="true"/>
        <no-step-log value="true"/>
    </report>

</configuration>
-->

<routes xmlns:xsi="http://www.w3.org/2001/XMLSchema-instance" xsi:noNamespaceSchemaLocation="http://sumo.dlr.de/xsd/routes_file.xsd">
    <vehicle id="0" depart="0.00">
        <routeDistribution last="0">
            <route cost="54.71" probability="1.00000000" edges="gneE18 -gneE22 -gneE7 -gneE6 -gneE2 -gneE1"/>
        </routeDistribution>
    </vehicle>
    <vehicle id="2" depart="2.00">
        <routeDistribution last="0">
            <route cost="57.91" probability="1.00000000" edges="gneE24 -gneE25 -gneE13 -gneE12 -gneE5 gneE6 gneE7 gneE23"/>
        </routeDistribution>
    </vehicle>
    <vehicle id="4" depart="4.00">
        <routeDistribution last="0">
            <route cost="30.35" probability="1.00000000" edges="-gneE5 -gneE2 -gneE1"/>
        </routeDistribution>
    </vehicle>
    <vehicle id="5" depart="5.00">
        <routeDistribution last="0">
            <route cost="64.39" probability="1.00000000" edges="-gneE25 -gneE13 -gneE12 -gneE5 -gneE4 -gneE3 gneE1"/>
        </routeDistribution>
    </vehicle>
    <vehicle id="6" depart="6.00">
        <routeDistribution last="0">
            <route cost="60.02" probability="1.00000000" edges="-gneE10 gneE9 -gneE8 gneE2 gneE6 gneE7 -gneE21"/>
        </routeDistribution>
    </vehicle>
    <vehicle id="7" depart="7.00">
        <routeDistribution last="0">
            <route cost="53.68" probability="1.00000000" edges="gneE19 -gneE8 gneE2 gneE5 gneE12 gneE11"/>
        </routeDistribution>
    </vehicle>
    <vehicle id="8" depart="8.00">
        <routeDistribution last="0">
            <route cost="30.81" probability="1.00000000" edges="-gneE26 -gneE25 -gneE13 gneE14"/>
        </routeDistribution>
    </vehicle>
    <vehicle id="9" depart="9.00">
        <routeDistribution last="0">
            <route cost="54.67" probability="1.00000000" edges="gneE3 gneE4 -gneE2 -gneE1 -gneE0"/>
        </routeDistribution>
    </vehicle>
    <vehicle id="10" depart="10.00">
        <routeDistribution last="0">
            <route cost="53.80" probability="1.00000000" edges="gneE3 gneE4 gneE6 gneE7 gneE22 gneE24"/>
        </routeDistribution>
    </vehicle>
    <vehicle id="11" depart="11.00">
        <routeDistribution last="0">
            <route cost="77.12" probability="1.00000000" edges="-gneE32 -gneE31 -gneE23 -gneE7 -gneE6 -gneE2 gneE8 -gneE19"/>
        </routeDistribution>
    </vehicle>
    <vehicle id="13" depart="13.00">
        <routeDistribution last="0">
            <route cost="6.45" probability="1.00000000" edges="-gneE14"/>
        </routeDistribution>
    </vehicle>
    <vehicle id="15" depart="15.00">
        <routeDistribution last="0">
            <route cost="61.17" probability="1.00000000" edges="gneE3 gneE4 gneE5 gneE12 gneE13 gneE25 gneE26"/>
        </routeDistribution>
    </vehicle>
    <vehicle id="16" depart="16.00">
        <routeDistribution last="0">
            <route cost="56.37" probability="1.00000000" edges="gneE10 -gneE11 -gneE12 -gneE5 -gneE2 gneE8"/>
        </routeDistribution>
    </vehicle>
    <vehicle id="17" depart="17.00">
        <routeDistribution last="0">
            <route cost="53.61" probability="1.00000000" edges="-gneE36 -gneE34 gneE4 gneE5 gneE12"/>
        </routeDistribution>
    </vehicle>
    <vehicle id="19" depart="19.00">
        <routeDistribution last="0">
            <route cost="60.18" probability="1.00000000" edges="gneE35 -gneE34 gneE4 gneE5 gneE12 gneE13"/>
        </routeDistribution>
    </vehicle>
    <vehicle id="20" depart="20.00">
        <routeDistribution last="0">
            <route cost="42.81" probability="1.00000000" edges="gneE22 gneE24 -gneE25 -gneE13 gneE11 -gneE10"/>
        </routeDistribution>
    </vehicle>
    <vehicle id="24" depart="24.00">
        <routeDistribution last="0">
            <route cost="71.86" probability="1.00000000" edges="gneE18 -gneE22 -gneE7 -gneE6 -gneE4 gneE34 -gneE35"/>
        </routeDistribution>
    </vehicle>
    <vehicle id="25" depart="25.00">
        <routeDistribution last="0">
            <route cost="48.14" probability="1.00000000" edges="-gneE34 gneE4 gneE5 gneE17 gneE18 -gneE22"/>
        </routeDistribution>
    </vehicle>
    <vehicle id="26" depart="26.00">
        <routeDistribution last="0">
            <route cost="55.75" probability="1.00000000" edges="-gneE29 -gneE28 gneE21 -gneE7 -gneE6 gneE5"/>
        </routeDistribution>
    </vehicle>
    <vehicle id="27" depart="27.00">
        <routeDistribution last="0">
            <route cost="48.45" probability="1.00000000" edges="gneE19 -gneE9 gneE10 -gneE11 -gneE12 gneE17"/>
        </routeDistribution>
    </vehicle>
    <vehicle id="28" depart="28.00">
        <routeDistribution last="0">
            <route cost="63.80" probability="1.00000000" edges="-gneE22 -gneE7 -gneE6 gneE5 gneE12 gneE13 gneE25 gneE26"/>
        </routeDistribution>
    </vehicle>
    <vehicle id="29" depart="29.00">
        <routeDistribution last="0">
            <route cost="68.96" probability="1.00000000" edges="-gneE22 -gneE7 -gneE6 gneE5 gneE12 gneE14 -gneE38"/>
        </routeDistribution>
    </vehicle>
    <vehicle id="30" depart="30.00">
        <routeDistribution last="0">
            <route cost="28.40" probability="1.00000000" edges="gneE9 -gneE8 gneE2"/>
        </routeDistribution>
    </vehicle>
    <vehicle id="31" depart="31.00">
        <routeDistribution last="0">
            <route cost="64.61" probability="1.00000000" edges="gneE11 -gneE10 gneE9 -gneE8 gneE2 gneE6 gneE7 gneE23"/>
        </routeDistribution>
    </vehicle>
    <vehicle id="33" depart="33.00">
        <routeDistribution last="0">
            <route cost="35.78" probability="1.00000000" edges="-gneE26 -gneE25 -gneE13 gneE11 -gneE10"/>
        </routeDistribution>
    </vehicle>
    <vehicle id="35" depart="35.00">
        <routeDistribution last="0">
            <route cost="36.19" probability="1.00000000" edges="-gneE25 -gneE13 -gneE12 -gneE5 gneE6"/>
        </routeDistribution>
    </vehicle>
    <vehicle id="38" depart="38.00">
        <routeDistribution last="0">
            <route cost="50.90" probability="1.00000000" edges="gneE4 gneE5 gneE17 gneE18 -gneE22 -gneE7"/>
        </routeDistribution>
    </vehicle>
    <vehicle id="39" depart="39.00">
        <routeDistribution last="0">
            <route cost="81.12" probability="1.00000000" edges="-gneE28 gneE21 -gneE7 -gneE6 gneE5 gneE12 gneE13 gneE25 -gneE24"/>
        </routeDistribution>
    </vehicle>
    <vehicle id="40" depart="40.00">
        <routeDistribution last="0">
            <route cost="79.94" probability="1.00000000" edges="gneE11 -gneE10 gneE9 -gneE8 gneE2 gneE6 gneE7 gneE22 gneE24 -gneE25"/>
        </routeDistribution>
    </vehicle>
    <vehicle id="41" depart="41.00">
        <routeDistribution last="0">
            <route cost="93.90" probability="1.00000000" edges="gneE13 gneE25 -gneE24 -gneE22 -gneE7 -gneE6 -gneE2 -gneE1 gneE3 gneE4"/>
        </routeDistribution>
    </vehicle>
    <vehicle id="43" depart="43.00">
        <routeDistribution last="0">
            <route cost="66.91" probability="1.00000000" edges="gneE9 -gneE8 gneE2 -gneE4 -gneE3 gneE1"/>
        </routeDistribution>
    </vehicle>
    <vehicle id="44" depart="44.00">
        <routeDistribution last="0">
            <route cost="69.34" probability="1.00000000" edges="-gneE14 -gneE12 -gneE5 -gneE2 gneE8 -gneE9 gneE10 -gneE11"/>
        </routeDistribution>
    </vehicle>
    <vehicle id="45" depart="45.00">
        <routeDistribution last="0">
            <route cost="66.91" probability="1.00000000" edges="-gneE18 -gneE17 gneE12 gneE11 -gneE10 gneE9 -gneE8 gneE2"/>
        </routeDistribution>
    </vehicle>
    <vehicle id="47" depart="47.00">
        <routeDistribution last="0">
            <route cost="38.43" probability="1.00000000" edges="-gneE13 gneE14 -gneE38"/>
        </routeDistribution>
    </vehicle>
    <vehicle id="48" depart="48.00">
        <routeDistribution last="0">
            <route cost="86.06" probability="1.00000000" edges="gneE9 -gneE8 -gneE1 gneE3 gneE4 -gneE2 gneE8 -gneE9 gneE10"/>
        </routeDistribution>
    </vehicle>
    <vehicle id="49" depart="49.00">
        <routeDistribution last="0">
            <route cost="59.62" probability="1.00000000" edges="gneE8 -gneE9 gneE10 -gneE11 -gneE12 -gneE5 -gneE4 gneE34"/>
        </routeDistribution>
    </vehicle>
    <vehicle id="50" depart="50.00">
        <routeDistribution last="0">
            <route cost="70.22" probability="1.00000000" edges="-gneE1 gneE3 gneE4 gneE5 gneE12 gneE13 gneE25 gneE26"/>
        </routeDistribution>
    </vehicle>
    <vehicle id="51" depart="51.00">
        <routeDistribution last="0">
            <route cost="43.90" probability="1.00000000" edges="gneE20 gneE2 gneE5 gneE12 gneE11"/>
        </routeDistribution>
    </vehicle>
    <vehicle id="52" depart="52.00">
        <routeDistribution last="0">
            <route cost="31.56" probability="1.00000000" edges="-gneE29 -gneE28 gneE21"/>
        </routeDistribution>
    </vehicle>
    <vehicle id="53" depart="53.00">
        <routeDistribution last="0">
            <route cost="22.42" probability="1.00000000" edges="-gneE18 -gneE17 -gneE5"/>
        </routeDistribution>
    </vehicle>
    <vehicle id="54" depart="54.00">
        <routeDistribution last="0">
            <route cost="77.26" probability="1.00000000" edges="-gneE7 -gneE6 -gneE2 -gneE1 gneE3 gneE4 gneE6 gneE7"/>
        </routeDistribution>
    </vehicle>
    <vehicle id="55" depart="55.00">
        <routeDistribution last="0">
            <route cost="68.17" probability="1.00000000" edges="gneE38 -gneE14 -gneE12 gneE17 gneE18 gneE24 -gneE25"/>
        </routeDistribution>
    </vehicle>
    <vehicle id="56" depart="56.00">
        <routeDistribution last="0">
            <route cost="22.30" probability="1.00000000" edges="gneE0 gneE1 -gneE20"/>
        </routeDistribution>
    </vehicle>
    <vehicle id="57" depart="57.00">
        <routeDistribution last="0">
            <route cost="54.15" probability="1.00000000" edges="gneE4 -gneE2 -gneE1 gneE3 gneE34"/>
        </routeDistribution>
    </vehicle>
    <vehicle id="58" depart="58.00">
        <routeDistribution last="0">
            <route cost="72.05" probability="1.00000000" edges="-gneE30 -gneE26 -gneE25 -gneE13 gneE11 -gneE10 gneE9 -gneE8 gneE2"/>
        </routeDistribution>
    </vehicle>
    <vehicle id="60" depart="60.00">
        <routeDistribution last="0">
            <route cost="51.77" probability="1.00000000" edges="gneE25 -gneE24 -gneE18 -gneE17 gneE12 gneE11"/>
        </routeDistribution>
    </vehicle>
    <vehicle id="63" depart="63.00">
        <routeDistribution last="0">
            <route cost="43.58" probability="1.00000000" edges="-gneE10 gneE9 -gneE8 gneE2 gneE5"/>
        </routeDistribution>
    </vehicle>
    <vehicle id="64" depart="64.00">
        <routeDistribution last="0">
            <route cost="89.89" probability="1.00000000" edges="gneE38 -gneE14 -gneE12 -gneE5 gneE6 gneE7 gneE23 gneE31 gneE32"/>
        </routeDistribution>
    </vehicle>
    <vehicle id="65" depart="65.00">
        <routeDistribution last="0">
            <route cost="91.53" probability="1.00000000" edges="-gneE30 -gneE26 -gneE25 -gneE13 -gneE12 -gneE5 -gneE2 gneE8 -gneE9 gneE10 -gneE11"/>
        </routeDistribution>
    </vehicle>
    <vehicle id="66" depart="66.00">
        <routeDistribution last="0">
            <route cost="51.56" probability="1.00000000" edges="gneE38 -gneE14 -gneE12 -gneE5 gneE6"/>
        </routeDistribution>
    </vehicle>
    <vehicle id="67" depart="67.00">
        <routeDistribution last="0">
            <route cost="54.41" probability="1.00000000" edges="-gneE14 -gneE12 -gneE5 -gneE2 gneE8 -gneE9"/>
        </routeDistribution>
    </vehicle>
    <vehicle id="68" depart="68.00">
        <routeDistribution last="0">
            <route cost="62.27" probability="1.00000000" edges="-gneE13 -gneE12 -gneE5 gneE6 gneE7 -gneE21 gneE28"/>
        </routeDistribution>
    </vehicle>
    <vehicle id="70" depart="70.00">
        <routeDistribution last="0">
            <route cost="35.66" probability="1.00000000" edges="-gneE8 gneE2 gneE5 gneE12"/>
        </routeDistribution>
    </vehicle>
    <vehicle id="71" depart="71.00">
        <routeDistribution last="0">
            <route cost="53.16" probability="1.00000000" edges="-gneE28 gneE21 -gneE7 -gneE6 -gneE4 gneE34"/>
        </routeDistribution>
    </vehicle>
    <vehicle id="72" depart="72.00">
        <routeDistribution last="0">
            <route cost="82.17" probability="1.00000000" edges="-gneE5 gneE6 gneE7 gneE22 gneE24 -gneE25 -gneE13 -gneE12 gneE17 gneE18 -gneE22"/>
        </routeDistribution>
    </vehicle>
    <vehicle id="73" depart="73.00">
        <routeDistribution last="0">
            <route cost="35.78" probability="1.00000000" edges="gneE10 -gneE11 gneE13 gneE25 gneE26"/>
        </routeDistribution>
    </vehicle>
    <vehicle id="74" depart="74.00">
        <routeDistribution last="0">
            <route cost="55.69" probability="1.00000000" edges="-gneE24 -gneE22 -gneE7 -gneE6 -gneE4 -gneE3"/>
        </routeDistribution>
    </vehicle>
    <vehicle id="76" depart="76.00">
        <routeDistribution last="0">
            <route cost="46.25" probability="1.00000000" edges="-gneE6 -gneE2 gneE8 -gneE9 gneE10"/>
        </routeDistribution>
    </vehicle>
    <vehicle id="78" depart="78.00">
        <routeDistribution last="0">
            <route cost="69.34" probability="1.00000000" edges="-gneE32 -gneE31 -gneE23 -gneE7 -gneE6 gneE5 gneE12 gneE14"/>
        </routeDistribution>
    </vehicle>
    <vehicle id="80" depart="80.00">
        <routeDistribution last="0">
            <route cost="50.44" probability="1.00000000" edges="-gneE13 gneE11 -gneE10 gneE9 -gneE8 gneE2"/>
        </routeDistribution>
    </vehicle>
    <vehicle id="81" depart="81.00">
        <routeDistribution last="0">
            <route cost="82.59" probability="1.00000000" edges="-gneE26 -gneE25 -gneE13 gneE11 -gneE10 gneE9 -gneE8 -gneE1 gneE3 gneE4"/>
        </routeDistribution>
    </vehicle>
    <vehicle id="82" depart="82.00">
        <routeDistribution last="0">
            <route cost="89.53" probability="1.00000000" edges="gneE35 -gneE34 gneE4 gneE6 gneE7 gneE22 gneE24 -gneE25 -gneE13 -gneE12"/>
        </routeDistribution>
    </vehicle>
    <vehicle id="83" depart="83.00">
        <routeDistribution last="0">
            <route cost="60.38" probability="1.00000000" edges="-gneE27 -gneE25 -gneE13 -gneE12 -gneE5 gneE6 gneE7 gneE22"/>
        </routeDistribution>
    </vehicle>
    <vehicle id="84" depart="84.00">
        <routeDistribution last="0">
            <route cost="58.49" probability="1.00000000" edges="-gneE25 -gneE13 -gneE12 -gneE5 gneE6 gneE7 gneE22 -gneE18"/>
        </routeDistribution>
    </vehicle>
    <vehicle id="85" depart="85.00">
        <routeDistribution last="0">
            <route cost="23.32" probability="1.00000000" edges="gneE5 gneE12 gneE13"/>
        </routeDistribution>
    </vehicle>
    <vehicle id="86" depart="86.00">
        <routeDistribution last="0">
            <route cost="29.61" probability="1.00000000" edges="-gneE8 -gneE1 gneE3"/>
        </routeDistribution>
    </vehicle>
    <vehicle id="87" depart="87.00">
        <routeDistribution last="0">
            <route cost="48.64" probability="1.00000000" edges="gneE3 gneE4 gneE6 gneE7 -gneE21"/>
        </routeDistribution>
    </vehicle>
    <vehicle id="88" depart="88.00">
        <routeDistribution last="0">
            <route cost="15.73" probability="1.00000000" edges="-gneE17 -gneE5"/>
        </routeDistribution>
    </vehicle>
    <vehicle id="89" depart="89.00">
        <routeDistribution last="0">
            <route cost="92.12" probability="1.00000000" edges="-gneE5 gneE6 gneE7 gneE22 gneE24 -gneE25 -gneE13 -gneE12 gneE17 gneE18 -gneE22 -gneE7"/>
        </routeDistribution>
    </vehicle>
    <vehicle id="90" depart="90.00">
        <routeDistribution last="0">
            <route cost="6.45" probability="1.00000000" edges="gneE23"/>
        </routeDistribution>
    </vehicle>
    <vehicle id="93" depart="93.00">
        <routeDistribution last="0">
            <route cost="76.31" probability="1.00000000" edges="gneE35 -gneE34 gneE4 gneE5 gneE12 gneE13 gneE25 -gneE24"/>
        </routeDistribution>
    </vehicle>
    <vehicle id="94" depart="94.00">
        <routeDistribution last="0">
            <route cost="30.01" probability="1.00000000" edges="-gneE24 -gneE22 -gneE7 -gneE6"/>
        </routeDistribution>
    </vehicle>
    <vehicle id="96" depart="96.00">
        <routeDistribution last="0">
            <route cost="47.16" probability="1.00000000" edges="-gneE27 -gneE24 -gneE22 -gneE7 -gneE6 gneE5"/>
        </routeDistribution>
    </vehicle>
    <vehicle id="97" depart="97.00">
        <routeDistribution last="0">
            <route cost="21.43" probability="1.00000000" edges="-gneE6 -gneE4 gneE34"/>
        </routeDistribution>
    </vehicle>
    <vehicle id="98" depart="98.00">
        <routeDistribution last="0">
            <route cost="107.07" probability="1.00000000" edges="gneE11 -gneE10 gneE9 -gneE8 -gneE1 gneE3 gneE4 -gneE2 gneE8 -gneE9 gneE10 -gneE11"/>
        </routeDistribution>
    </vehicle>
    <vehicle id="99" depart="99.00">
        <routeDistribution last="0">
            <route cost="74.45" probability="1.00000000" edges="gneE9 -gneE8 gneE2 gneE6 gneE7 gneE23 gneE31 gneE32"/>
        </routeDistribution>
    </vehicle>
    <vehicle id="100" depart="100.00">
        <routeDistribution last="0">
            <route cost="85.70" probability="1.00000000" edges="gneE8 -gneE9 gneE10 -gneE11 gneE13 gneE25 -gneE24 -gneE22 -gneE7 -gneE6 gneE5"/>
        </routeDistribution>
    </vehicle>
    <vehicle id="102" depart="102.00">
        <routeDistribution last="0">
            <route cost="52.42" probability="1.00000000" edges="-gneE9 gneE10 -gneE11 gneE13 gneE25 -gneE24 -gneE22"/>
        </routeDistribution>
    </vehicle>
    <vehicle id="103" depart="103.00">
        <routeDistribution last="0">
            <route cost="64.85" probability="1.00000000" edges="-gneE4 -gneE3 gneE1 gneE8 -gneE9 gneE10 -gneE11"/>
        </routeDistribution>
    </vehicle>
    <vehicle id="104" depart="104.00">
        <routeDistribution last="0">
            <route cost="75.77" probability="1.00000000" edges="-gneE36 -gneE34 gneE4 gneE5 gneE12 gneE11 -gneE10 gneE9"/>
        </routeDistribution>
    </vehicle>
    <vehicle id="105" depart="105.00">
        <routeDistribution last="0">
            <route cost="76.60" probability="1.00000000" edges="-gneE28 gneE21 -gneE7 -gneE6 -gneE2 -gneE1 gneE3"/>
        </routeDistribution>
    </vehicle>
    <vehicle id="106" depart="106.00">
        <routeDistribution last="0">
            <route cost="76.26" probability="1.00000000" edges="-gneE7 -gneE6 -gneE2 gneE8 -gneE9 gneE10 -gneE11 -gneE12 -gneE5"/>
        </routeDistribution>
    </vehicle>
    <vehicle id="107" depart="107.00">
        <routeDistribution last="0">
            <route cost="57.99" probability="1.00000000" edges="gneE7 gneE22 gneE24 -gneE25 -gneE13 gneE11 -gneE10 gneE9"/>
        </routeDistribution>
    </vehicle>
    <vehicle id="108" depart="108.00">
        <routeDistribution last="0">
            <route cost="74.11" probability="1.00000000" edges="gneE11 -gneE10 gneE9 -gneE8 gneE2 gneE5 gneE12 gneE13 gneE25"/>
        </routeDistribution>
    </vehicle>
    <vehicle id="110" depart="110.00">
        <routeDistribution last="0">
            <route cost="45.91" probability="1.00000000" edges="gneE7 gneE22 gneE24 -gneE25 -gneE13 gneE14"/>
        </routeDistribution>
    </vehicle>
    <vehicle id="111" depart="111.00">
        <routeDistribution last="0">
            <route cost="36.13" probability="1.00000000" edges="gneE10 -gneE11 gneE13 gneE25 gneE27"/>
        </routeDistribution>
    </vehicle>
    <vehicle id="112" depart="112.00">
        <routeDistribution last="0">
            <route cost="54.45" probability="1.00000000" edges="-gneE12 gneE17 gneE18 gneE24 -gneE25 -gneE13 gneE14"/>
        </routeDistribution>
    </vehicle>
    <vehicle id="113" depart="113.00">
        <routeDistribution last="0">
            <route cost="84.42" probability="1.00000000" edges="gneE0 gneE1 gneE2 gneE6 gneE7 gneE23 gneE31 gneE32 gneE33"/>
        </routeDistribution>
    </vehicle>
    <vehicle id="114" depart="114.00">
        <routeDistribution last="0">
            <route cost="86.70" probability="1.00000000" edges="-gneE22 -gneE7 -gneE6 -gneE2 -gneE1 gneE3 gneE4 gneE6 gneE7"/>
        </routeDistribution>
    </vehicle>
    <vehicle id="115" depart="115.00">
        <routeDistribution last="0">
            <route cost="45.20" probability="1.00000000" edges="-gneE14 -gneE12 -gneE5 -gneE2 -gneE20"/>
        </routeDistribution>
    </vehicle>
    <vehicle id="117" depart="117.00">
        <routeDistribution last="0">
            <route cost="32.02" probability="1.00000000" edges="-gneE27 -gneE24 -gneE18 -gneE17"/>
        </routeDistribution>
    </vehicle>
    <vehicle id="118" depart="118.00">
        <routeDistribution last="0">
            <route cost="53.28" probability="1.00000000" edges="gneE38 -gneE14 gneE13 gneE25 -gneE24"/>
        </routeDistribution>
    </vehicle>
    <vehicle id="121" depart="121.00">
        <routeDistribution last="0">
            <route cost="30.35" probability="1.00000000" edges="gneE1 gneE2 gneE5"/>
        </routeDistribution>
    </vehicle>
    <vehicle id="122" depart="122.00">
        <routeDistribution last="0">
            <route cost="88.52" probability="1.00000000" edges="-gneE25 -gneE13 gneE11 -gneE10 gneE9 -gneE8 gneE2 gneE5 gneE12 gneE13 gneE25"/>
        </routeDistribution>
    </vehicle>
    <vehicle id="124" depart="124.00">
        <routeDistribution last="0">
            <route cost="40.93" probability="1.00000000" edges="gneE2 -gneE4 -gneE3"/>
        </routeDistribution>
    </vehicle>
    <vehicle id="125" depart="125.00">
        <routeDistribution last="0">
            <route cost="38.74" probability="1.00000000" edges="-gneE31 -gneE23 -gneE21 gneE28"/>
        </routeDistribution>
    </vehicle>
    <vehicle id="126" depart="126.00">
        <routeDistribution last="0">
            <route cost="48.38" probability="1.00000000" edges="-gneE13 -gneE12 gneE17 gneE18 -gneE22 -gneE7"/>
        </routeDistribution>
    </vehicle>
    <vehicle id="127" depart="127.00">
        <routeDistribution last="0">
            <route cost="6.45" probability="1.00000000" edges="gneE9"/>
        </routeDistribution>
    </vehicle>
    <vehicle id="128" depart="128.00">
        <routeDistribution last="0">
            <route cost="38.42" probability="1.00000000" edges="-gneE13 -gneE12 gneE17 gneE18 -gneE22"/>
        </routeDistribution>
    </vehicle>
    <vehicle id="129" depart="129.00">
        <routeDistribution last="0">
            <route cost="47.84" probability="1.00000000" edges="-gneE28 gneE21 -gneE7 -gneE6 gneE5"/>
        </routeDistribution>
    </vehicle>
    <vehicle id="130" depart="130.00">
        <routeDistribution last="0">
            <route cost="81.86" probability="1.00000000" edges="gneE38 -gneE14 -gneE12 -gneE5 -gneE4 gneE34 gneE36"/>
        </routeDistribution>
    </vehicle>
    <vehicle id="131" depart="131.00">
        <routeDistribution last="0">
            <route cost="28.11" probability="1.00000000" edges="-gneE34 gneE4 -gneE2"/>
        </routeDistribution>
    </vehicle>
    <vehicle id="133" depart="133.00">
        <routeDistribution last="0">
            <route cost="58.98" probability="1.00000000" edges="gneE17 gneE18 gneE24 -gneE25 -gneE13 gneE11 -gneE10 gneE9"/>
        </routeDistribution>
    </vehicle>
    <vehicle id="134" depart="134.00">
        <routeDistribution last="0">
            <route cost="33.27" probability="1.00000000" edges="gneE19 -gneE8 -gneE1 -gneE0"/>
        </routeDistribution>
    </vehicle>
    <vehicle id="136" depart="136.00">
        <routeDistribution last="0">
            <route cost="21.08" probability="1.00000000" edges="gneE2 gneE6"/>
        </routeDistribution>
    </vehicle>
    <vehicle id="137" depart="137.00">
        <routeDistribution last="0">
            <route cost="85.16" probability="1.00000000" edges="-gneE2 -gneE1 gneE3 gneE4 gneE6 gneE7 gneE22 -gneE18 -gneE17"/>
        </routeDistribution>
    </vehicle>
    <vehicle id="138" depart="138.00">
        <routeDistribution last="0">
            <route cost="16.12" probability="1.00000000" edges="-gneE17 gneE12"/>
        </routeDistribution>
    </vehicle>
    <vehicle id="139" depart="139.00">
        <routeDistribution last="0">
            <route cost="67.21" probability="1.00000000" edges="-gneE29 -gneE28 gneE21 -gneE7 -gneE6 gneE5 gneE17"/>
        </routeDistribution>
    </vehicle>
    <vehicle id="140" depart="140.00">
        <routeDistribution last="0">
            <route cost="59.86" probability="1.00000000" edges="gneE22 gneE24 -gneE25 -gneE13 -gneE12 gneE17 gneE18 -gneE22"/>
        </routeDistribution>
    </vehicle>
    <vehicle id="141" depart="141.00">
        <routeDistribution last="0">
            <route cost="23.80" probability="1.00000000" edges="gneE18 gneE24 -gneE25"/>
        </routeDistribution>
    </vehicle>
    <vehicle id="142" depart="142.00">
        <routeDistribution last="0">
            <route cost="87.50" probability="1.00000000" edges="-gneE9 gneE10 -gneE11 -gneE12 -gneE5 -gneE2 -gneE1 gneE3 gneE4"/>
        </routeDistribution>
    </vehicle>
    <vehicle id="145" depart="145.00">
        <routeDistribution last="0">
            <route cost="81.69" probability="1.00000000" edges="-gneE1 gneE3 gneE4 gneE6 gneE7 -gneE21 gneE28 gneE29"/>
        </routeDistribution>
    </vehicle>
    <vehicle id="146" depart="146.00">
        <routeDistribution last="0">
            <route cost="23.80" probability="1.00000000" edges="gneE18 gneE24 -gneE25"/>
        </routeDistribution>
    </vehicle>
    <vehicle id="147" depart="147.00">
        <routeDistribution last="0">
            <route cost="79.42" probability="1.00000000" edges="gneE24 -gneE25 -gneE13 gneE11 -gneE10 gneE9 -gneE8 gneE2 gneE5 gneE12"/>
        </routeDistribution>
    </vehicle>
    <vehicle id="148" depart="148.00">
        <routeDistribution last="0">
            <route cost="39.22" probability="1.00000000" edges="-gneE5 -gneE4 -gneE3 -gneE0"/>
        </routeDistribution>
    </vehicle>
    <vehicle id="149" depart="149.00">
        <routeDistribution last="0">
            <route cost="59.80" probability="1.00000000" edges="-gneE13 -gneE12 -gneE5 -gneE4 gneE34 gneE36"/>
        </routeDistribution>
    </vehicle>
    <vehicle id="153" depart="153.00">
        <routeDistribution last="0">
            <route cost="89.80" probability="1.00000000" edges="-gneE30 -gneE26 -gneE25 -gneE13 gneE11 -gneE10 gneE9 -gneE8 -gneE1 gneE3 gneE4"/>
        </routeDistribution>
    </vehicle>
    <vehicle id="160" depart="160.00">
        <routeDistribution last="0">
            <route cost="60.01" probability="1.00000000" edges="gneE35 -gneE34 gneE4 -gneE2 gneE8"/>
        </routeDistribution>
    </vehicle>
    <vehicle id="161" depart="161.00">
        <routeDistribution last="0">
            <route cost="46.77" probability="1.00000000" edges="gneE3 gneE34 gneE36"/>
        </routeDistribution>
    </vehicle>
    <vehicle id="162" depart="162.00">
        <routeDistribution last="0">
            <route cost="72.90" probability="1.00000000" edges="-gneE10 gneE9 -gneE8 gneE2 gneE6 gneE7 gneE22 gneE24 gneE27"/>
        </routeDistribution>
    </vehicle>
    <vehicle id="163" depart="163.00">
        <routeDistribution last="0">
            <route cost="54.65" probability="1.00000000" edges="-gneE32 -gneE31 -gneE23 -gneE7 -gneE6 gneE5"/>
        </routeDistribution>
    </vehicle>
    <vehicle id="164" depart="164.00">
        <routeDistribution last="0">
            <route cost="22.80" probability="1.00000000" edges="gneE3 gneE34"/>
        </routeDistribution>
    </vehicle>
    <vehicle id="167" depart="167.00">
        <routeDistribution last="0">
            <route cost="91.62" probability="1.00000000" edges="gneE35 -gneE34 gneE4 gneE6 gneE7 gneE23 gneE31 gneE32 gneE33"/>
        </routeDistribution>
    </vehicle>
    <vehicle id="168" depart="168.00">
        <routeDistribution last="0">
            <route cost="36.76" probability="1.00000000" edges="-gneE26 -gneE24 -gneE22 gneE23 gneE31"/>
        </routeDistribution>
    </vehicle>
    <vehicle id="169" depart="169.00">
        <routeDistribution last="0">
            <route cost="39.06" probability="1.00000000" edges="-gneE7 -gneE6 -gneE4 -gneE3"/>
        </routeDistribution>
    </vehicle>
    <vehicle id="171" depart="171.00">
        <routeDistribution last="0">
            <route cost="60.02" probability="1.00000000" edges="-gneE10 gneE9 -gneE8 gneE2 gneE6 gneE7 -gneE21"/>
        </routeDistribution>
    </vehicle>
    <vehicle id="172" depart="172.00">
        <routeDistribution last="0">
            <route cost="59.96" probability="1.00000000" edges="-gneE32 -gneE31 -gneE23 -gneE7 -gneE6 -gneE4 gneE34"/>
        </routeDistribution>
    </vehicle>
    <vehicle id="175" depart="175.00">
        <routeDistribution last="0">
            <route cost="84.30" probability="1.00000000" edges="gneE8 -gneE9 gneE10 -gneE11 -gneE12 gneE17 gneE18 gneE24 -gneE25 -gneE13 gneE11"/>
        </routeDistribution>
    </vehicle>
    <vehicle id="176" depart="176.00">
        <routeDistribution last="0">
            <route cost="35.68" probability="1.00000000" edges="gneE6 gneE7 gneE22 -gneE18 -gneE17"/>
        </routeDistribution>
    </vehicle>
    <vehicle id="177" depart="177.00">
        <routeDistribution last="0">
            <route cost="69.57" probability="1.00000000" edges="gneE8 -gneE9 gneE10 -gneE11 -gneE12 -gneE5 -gneE2 -gneE20"/>
        </routeDistribution>
    </vehicle>
    <vehicle id="178" depart="178.00">
        <routeDistribution last="0">
            <route cost="29.50" probability="1.00000000" edges="gneE7 gneE22 gneE24 -gneE25"/>
        </routeDistribution>
    </vehicle>
    <vehicle id="179" depart="179.00">
        <routeDistribution last="0">
            <route cost="15.73" probability="1.00000000" edges="-gneE17 -gneE5"/>
        </routeDistribution>
    </vehicle>
    <vehicle id="182" depart="182.00">
        <routeDistribution last="0">
            <route cost="63.57" probability="1.00000000" edges="-gneE36 -gneE34 gneE4 gneE5 gneE12 gneE13"/>
        </routeDistribution>
    </vehicle>
    <vehicle id="183" depart="183.00">
        <routeDistribution last="0">
            <route cost="71.68" probability="1.00000000" edges="-gneE28 gneE21 -gneE7 -gneE6 gneE5 gneE12 gneE13 gneE25"/>
        </routeDistribution>
    </vehicle>
    <vehicle id="184" depart="184.00">
        <routeDistribution last="0">
            <route cost="38.66" probability="1.00000000" edges="-gneE1 gneE3 gneE4 gneE5"/>
        </routeDistribution>
    </vehicle>
    <vehicle id="185" depart="185.00">
        <routeDistribution last="0">
            <route cost="35.78" probability="1.00000000" edges="gneE10 -gneE11 gneE13 gneE25 gneE26"/>
        </routeDistribution>
    </vehicle>
    <vehicle id="186" depart="186.00">
        <routeDistribution last="0">
            <route cost="57.97" probability="1.00000000" edges="gneE24 -gneE25 -gneE13 -gneE12 -gneE5 gneE6 gneE7 gneE22"/>
        </routeDistribution>
    </vehicle>
    <vehicle id="187" depart="187.00">
        <routeDistribution last="0">
            <route cost="67.06" probability="1.00000000" edges="-gneE34 gneE4 gneE6 gneE7 gneE22 gneE24 -gneE25 -gneE13 -gneE12"/>
        </routeDistribution>
    </vehicle>
    <vehicle id="189" depart="189.00">
        <routeDistribution last="0">
            <route cost="101.69" probability="1.00000000" edges="-gneE31 -gneE23 gneE22 -gneE18 -gneE17 -gneE5 gneE6 gneE7 gneE23 gneE31 gneE32 gneE33"/>
        </routeDistribution>
    </vehicle>
    <vehicle id="191" depart="191.00">
        <routeDistribution last="0">
            <route cost="50.24" probability="1.00000000" edges="-gneE30 -gneE26 -gneE25 -gneE13 -gneE12 -gneE5 -gneE4"/>
        </routeDistribution>
    </vehicle>
    <vehicle id="193" depart="193.00">
        <routeDistribution last="0">
            <route cost="69.05" probability="1.00000000" edges="-gneE2 gneE8 -gneE9 gneE10 -gneE11 -gneE12 -gneE5 -gneE4"/>
        </routeDistribution>
    </vehicle>
    <vehicle id="194" depart="194.00">
        <routeDistribution last="0">
            <route cost="20.86" probability="1.00000000" edges="gneE6 gneE7 gneE23"/>
        </routeDistribution>
    </vehicle>
    <vehicle id="196" depart="196.00">
        <routeDistribution last="0">
            <route cost="49.02" probability="1.00000000" edges="-gneE30 -gneE26 -gneE24 -gneE18 -gneE17 gneE12"/>
        </routeDistribution>
    </vehicle>
    <vehicle id="198" depart="198.00">
        <routeDistribution last="0">
            <route cost="60.15" probability="1.00000000" edges="-gneE5 gneE6 gneE7 gneE22 gneE24 -gneE25 -gneE13 gneE14"/>
        </routeDistribution>
    </vehicle>
    <vehicle id="199" depart="199.00">
        <routeDistribution last="0">
            <route cost="71.95" probability="1.00000000" edges="gneE19 -gneE9 gneE10 -gneE11 gneE13 gneE25 -gneE24 -gneE22 -gneE7"/>
        </routeDistribution>
    </vehicle>
    <vehicle id="200" depart="200.00">
        <routeDistribution last="0">
            <route cost="43.70" probability="1.00000000" edges="-gneE6 gneE5 gneE17 gneE18 -gneE22"/>
        </routeDistribution>
    </vehicle>
    <vehicle id="201" depart="201.00">
        <routeDistribution last="0">
            <route cost="38.66" probability="1.00000000" edges="-gneE8 -gneE1 gneE3 gneE4"/>
        </routeDistribution>
    </vehicle>
    <vehicle id="203" depart="203.00">
        <routeDistribution last="0">
            <route cost="57.12" probability="1.00000000" edges="-gneE14 -gneE12 -gneE5 -gneE4 -gneE3 gneE1"/>
        </routeDistribution>
    </vehicle>
    <vehicle id="207" depart="207.00">
        <routeDistribution last="0">
            <route cost="51.95" probability="1.00000000" edges="-gneE24 -gneE22 -gneE7 -gneE6 -gneE2 -gneE1"/>
        </routeDistribution>
    </vehicle>
    <vehicle id="208" depart="208.00">
        <routeDistribution last="0">
            <route cost="52.33" probability="1.00000000" edges="-gneE27 -gneE25 -gneE13 gneE11 -gneE10 gneE9 -gneE8"/>
        </routeDistribution>
    </vehicle>
    <vehicle id="211" depart="211.00">
        <routeDistribution last="0">
            <route cost="62.86" probability="1.00000000" edges="-gneE24 -gneE18 -gneE17 -gneE5 gneE6 gneE7 gneE22 gneE24"/>
        </routeDistribution>
    </vehicle>
    <vehicle id="212" depart="212.00">
        <routeDistribution last="0">
            <route cost="45.22" probability="1.00000000" edges="-gneE9 gneE10 -gneE11 gneE13 gneE25 -gneE24"/>
        </routeDistribution>
    </vehicle>
    <vehicle id="213" depart="213.00">
        <routeDistribution last="0">
            <route cost="33.27" probability="1.00000000" edges="gneE19 -gneE8 -gneE1 -gneE0"/>
        </routeDistribution>
    </vehicle>
    <vehicle id="214" depart="214.00">
        <routeDistribution last="0">
            <route cost="54.66" probability="1.00000000" edges="gneE25 -gneE24 -gneE22 -gneE21 gneE28 gneE29"/>
        </routeDistribution>
    </vehicle>
    <vehicle id="215" depart="215.00">
        <routeDistribution last="0">
            <route cost="15.73" probability="1.00000000" edges="-gneE17 -gneE5"/>
        </routeDistribution>
    </vehicle>
    <vehicle id="216" depart="216.00">
        <routeDistribution last="0">
            <route cost="54.45" probability="1.00000000" edges="-gneE23 gneE22 -gneE18 -gneE17 -gneE5 gneE6 gneE7"/>
        </routeDistribution>
    </vehicle>
    <vehicle id="217" depart="217.00">
        <routeDistribution last="0">
            <route cost="35.78" probability="1.00000000" edges="gneE1 gneE8 -gneE9 gneE10 -gneE11"/>
        </routeDistribution>
    </vehicle>
    <vehicle id="218" depart="218.00">
        <routeDistribution last="0">
            <route cost="60.57" probability="1.00000000" edges="-gneE27 -gneE24 -gneE22 gneE23 gneE31 gneE32 gneE33"/>
        </routeDistribution>
    </vehicle>
    <vehicle id="219" depart="219.00">
        <routeDistribution last="0">
            <route cost="61.57" probability="1.00000000" edges="-gneE7 -gneE6 gneE5 gneE12 gneE13 gneE25 gneE26 gneE30"/>
        </routeDistribution>
    </vehicle>
    <vehicle id="220" depart="220.00">
        <routeDistribution last="0">
            <route cost="50.27" probability="1.00000000" edges="gneE2 gneE5 gneE12 gneE11 -gneE10 gneE9"/>
        </routeDistribution>
    </vehicle>
    <vehicle id="226" depart="226.00">
        <routeDistribution last="0">
            <route cost="58.14" probability="1.00000000" edges="-gneE8 gneE2 gneE6 gneE7 gneE22 gneE24 -gneE25"/>
        </routeDistribution>
    </vehicle>
    <vehicle id="227" depart="227.00">
        <routeDistribution last="0">
            <route cost="67.08" probability="1.00000000" edges="-gneE27 -gneE25 -gneE13 gneE11 -gneE10 gneE9 -gneE8 gneE2"/>
        </routeDistribution>
    </vehicle>
    <vehicle id="232" depart="232.00">
        <routeDistribution last="0">
            <route cost="48.95" probability="1.00000000" edges="gneE10 -gneE11 gneE13 gneE25 -gneE24 -gneE18"/>
        </routeDistribution>
    </vehicle>
    <vehicle id="233" depart="233.00">
        <routeDistribution last="0">
            <route cost="52.44" probability="1.00000000" edges="-gneE26 -gneE25 -gneE13 -gneE12 gneE17 gneE18 gneE24"/>
        </routeDistribution>
    </vehicle>
    <vehicle id="234" depart="234.00">
        <routeDistribution last="0">
            <route cost="35.67" probability="1.00000000" edges="gneE22 gneE24 -gneE25 -gneE13 -gneE12"/>
        </routeDistribution>
    </vehicle>
    <vehicle id="238" depart="238.00">
        <routeDistribution last="0">
            <route cost="79.50" probability="1.00000000" edges="gneE13 gneE25 -gneE24 -gneE18 -gneE17 -gneE5 gneE6 gneE7 gneE22 gneE24"/>
        </routeDistribution>
    </vehicle>
    <vehicle id="240" depart="240.00">
        <routeDistribution last="0">
            <route cost="54.48" probability="1.00000000" edges="-gneE36 -gneE34 -gneE3 -gneE0"/>
        </routeDistribution>
    </vehicle>
    <vehicle id="241" depart="241.00">
        <routeDistribution last="0">
            <route cost="62.91" probability="1.00000000" edges="-gneE33 -gneE32 -gneE31 -gneE23 -gneE21 gneE28"/>
        </routeDistribution>
    </vehicle>
    <vehicle id="244" depart="244.00">
        <routeDistribution last="0">
            <route cost="31.16" probability="1.00000000" edges="gneE10 -gneE11 -gneE12 gneE17"/>
        </routeDistribution>
    </vehicle>
    <vehicle id="246" depart="246.00">
        <routeDistribution last="0">
            <route cost="30.35" probability="1.00000000" edges="-gneE5 -gneE2 -gneE1"/>
        </routeDistribution>
    </vehicle>
    <vehicle id="247" depart="247.00">
        <routeDistribution last="0">
            <route cost="86.30" probability="1.00000000" edges="-gneE32 -gneE31 -gneE23 gneE22 -gneE18 -gneE17 -gneE5 gneE6 gneE7 gneE23"/>
        </routeDistribution>
    </vehicle>
    <vehicle id="248" depart="248.00">
        <routeDistribution last="0">
            <route cost="98.12" probability="1.00000000" edges="-gneE4 -gneE3 gneE1 gneE8 -gneE9 gneE10 -gneE11 -gneE12 -gneE5 -gneE2"/>
        </routeDistribution>
    </vehicle>
    <vehicle id="249" depart="249.00">
        <routeDistribution last="0">
            <route cost="67.54" probability="1.00000000" edges="-gneE7 -gneE6 gneE5 gneE12 gneE13 gneE25 -gneE24 -gneE18"/>
        </routeDistribution>
    </vehicle>
    <vehicle id="250" depart="250.00">
        <routeDistribution last="0">
            <route cost="61.40" probability="1.00000000" edges="gneE17 gneE18 -gneE22 -gneE7 -gneE6 -gneE2 -gneE1"/>
        </routeDistribution>
    </vehicle>
    <vehicle id="251" depart="251.00">
        <routeDistribution last="0">
            <route cost="72.57" probability="1.00000000" edges="-gneE4 -gneE3 gneE1 gneE8 -gneE9 gneE10 -gneE11 gneE13"/>
        </routeDistribution>
    </vehicle>
    <vehicle id="253" depart="253.00">
        <routeDistribution last="0">
            <route cost="86.21" probability="1.00000000" edges="-gneE2 gneE8 -gneE9 gneE10 -gneE11 gneE13 gneE25 -gneE24 -gneE22 -gneE7"/>
        </routeDistribution>
    </vehicle>
    <vehicle id="254" depart="254.00">
        <routeDistribution last="0">
            <route cost="76.48" probability="1.00000000" edges="-gneE12 gneE17 gneE18 gneE24 -gneE25 -gneE13 gneE14 -gneE38"/>
        </routeDistribution>
    </vehicle>
    <vehicle id="256" depart="256.00">
        <routeDistribution last="0">
            <route cost="73.21" probability="1.00000000" edges="gneE25 -gneE24 -gneE18 -gneE17 gneE12 gneE14 -gneE38"/>
        </routeDistribution>
    </vehicle>
    <vehicle id="257" depart="257.00">
        <routeDistribution last="0">
            <route cost="55.31" probability="1.00000000" edges="gneE25 -gneE24 -gneE22 gneE23 gneE31 gneE32"/>
        </routeDistribution>
    </vehicle>
    <vehicle id="258" depart="258.00">
        <routeDistribution last="0">
            <route cost="52.80" probability="1.00000000" edges="-gneE28 gneE21 gneE22 gneE24 -gneE25 -gneE13"/>
        </routeDistribution>
    </vehicle>
    <vehicle id="259" depart="259.00">
        <routeDistribution last="0">
            <route cost="58.85" probability="1.00000000" edges="-gneE10 gneE9 -gneE8 gneE2 gneE5 gneE12 gneE11"/>
        </routeDistribution>
    </vehicle>
    <vehicle id="261" depart="261.00">
        <routeDistribution last="0">
            <route cost="78.85" probability="1.00000000" edges="gneE19 -gneE8 gneE2 gneE6 gneE7 -gneE21 gneE28 gneE29"/>
        </routeDistribution>
    </vehicle>
    <vehicle id="262" depart="262.00">
        <routeDistribution last="0">
            <route cost="71.35" probability="1.00000000" edges="gneE19 -gneE8 gneE2 gneE6 gneE7 -gneE21 gneE28"/>
        </routeDistribution>
    </vehicle>
    <vehicle id="263" depart="263.00">
        <routeDistribution last="0">
            <route cost="22.95" probability="1.00000000" edges="gneE6 gneE7 -gneE21"/>
        </routeDistribution>
    </vehicle>
    <vehicle id="264" depart="264.00">
        <routeDistribution last="0">
            <route cost="25.54" probability="1.00000000" edges="-gneE10 gneE9 -gneE19"/>
        </routeDistribution>
    </vehicle>
    <vehicle id="265" depart="265.00">
        <routeDistribution last="0">
            <route cost="70.40" probability="1.00000000" edges="-gneE2 -gneE1 gneE3 gneE4 gneE6 gneE7 gneE22"/>
        </routeDistribution>
    </vehicle>
    <vehicle id="266" depart="266.00">
        <routeDistribution last="0">
            <route cost="39.44" probability="1.00000000" edges="gneE12 gneE13 gneE25 -gneE24 -gneE22"/>
        </routeDistribution>
    </vehicle>
    <vehicle id="267" depart="267.00">
        <routeDistribution last="0">
            <route cost="85.65" probability="1.00000000" edges="gneE21 gneE22 -gneE18 -gneE17 -gneE5 gneE6 gneE7 -gneE21 gneE28 gneE29"/>
        </routeDistribution>
    </vehicle>
    <vehicle id="268" depart="268.00">
        <routeDistribution last="0">
            <route cost="43.70" probability="1.00000000" edges="-gneE22 -gneE7 -gneE6 gneE5 gneE17"/>
        </routeDistribution>
    </vehicle>
    <vehicle id="269" depart="269.00">
        <routeDistribution last="0">
            <route cost="72.73" probability="1.00000000" edges="gneE24 -gneE25 -gneE13 -gneE12 -gneE5 gneE6 gneE7 gneE22 -gneE18 -gneE17"/>
        </routeDistribution>
    </vehicle>
    <vehicle id="271" depart="271.00">
        <routeDistribution last="0">
            <route cost="39.92" probability="1.00000000" edges="-gneE17 -gneE5 -gneE2 -gneE1"/>
        </routeDistribution>
    </vehicle>
    <vehicle id="272" depart="272.00">
        <routeDistribution last="0">
            <route cost="36.47" probability="1.00000000" edges="-gneE30 -gneE26 -gneE24 -gneE22 gneE23"/>
        </routeDistribution>
    </vehicle>
    <vehicle id="274" depart="274.00">
        <routeDistribution last="0">
            <route cost="35.67" probability="1.00000000" edges="gneE22 gneE24 -gneE25 -gneE13 -gneE12"/>
        </routeDistribution>
    </vehicle>
    <vehicle id="275" depart="275.00">
        <routeDistribution last="0">
            <route cost="74.32" probability="1.00000000" edges="gneE21 -gneE7 -gneE6 -gneE4 -gneE3 gneE1 gneE2"/>
        </routeDistribution>
    </vehicle>
    <vehicle id="276" depart="276.00">
        <routeDistribution last="0">
            <route cost="64.07" probability="1.00000000" edges="-gneE17 -gneE5 gneE6 gneE7 -gneE21 gneE28 gneE29"/>
        </routeDistribution>
    </vehicle>
    <vehicle id="278" depart="278.00">
        <routeDistribution last="0">
            <route cost="48.49" probability="1.00000000" edges="-gneE18 -gneE17 -gneE5 -gneE2 gneE8"/>
        </routeDistribution>
    </vehicle>
    <vehicle id="280" depart="280.00">
        <routeDistribution last="0">
            <route cost="44.92" probability="1.00000000" edges="-gneE5 -gneE4 gneE34 -gneE35"/>
        </routeDistribution>
    </vehicle>
    <vehicle id="283" depart="283.00">
        <routeDistribution last="0">
            <route cost="30.49" probability="1.00000000" edges="-gneE17 -gneE5 gneE6 gneE7"/>
        </routeDistribution>
    </vehicle>
    <vehicle id="284" depart="284.00">
        <routeDistribution last="0">
            <route cost="48.11" probability="1.00000000" edges="gneE18 -gneE22 gneE23 gneE31 gneE32"/>
        </routeDistribution>
    </vehicle>
    <vehicle id="285" depart="285.00">
        <routeDistribution last="0">
            <route cost="29.97" probability="1.00000000" edges="gneE22 -gneE18 -gneE17 -gneE5"/>
        </routeDistribution>
    </vehicle>
    <vehicle id="287" depart="287.00">
        <routeDistribution last="0">
            <route cost="63.12" probability="1.00000000" edges="-gneE29 -gneE28 gneE21 gneE22 gneE24 gneE26 gneE30"/>
        </routeDistribution>
    </vehicle>
    <vehicle id="288" depart="288.00">
        <routeDistribution last="0">
            <route cost="90.66" probability="1.00000000" edges="gneE10 -gneE11 -gneE12 gneE17 gneE18 gneE24 -gneE25 -gneE13 gneE11 -gneE10 gneE9 -gneE8"/>
        </routeDistribution>
    </vehicle>
    <vehicle id="289" depart="289.00">
        <routeDistribution last="0">
            <route cost="45.62" probability="1.00000000" edges="-gneE5 gneE6 gneE7 gneE22 gneE24 gneE26"/>
        </routeDistribution>
    </vehicle>
    <vehicle id="290" depart="290.00">
        <routeDistribution last="0">
            <route cost="72.94" probability="1.00000000" edges="-gneE29 -gneE28 gneE21 gneE23 gneE31 gneE32 gneE33"/>
        </routeDistribution>
    </vehicle>
    <vehicle id="292" depart="292.00">
        <routeDistribution last="0">
            <route cost="53.28" probability="1.00000000" edges="gneE38 -gneE14 gneE13 gneE25 -gneE24"/>
        </routeDistribution>
    </vehicle>
    <vehicle id="293" depart="293.00">
        <routeDistribution last="0">
            <route cost="40.95" probability="1.00000000" edges="-gneE7 -gneE6 gneE5 gneE17 gneE18"/>
        </routeDistribution>
    </vehicle>
    <vehicle id="294" depart="294.00">
        <routeDistribution last="0">
            <route cost="61.51" probability="1.00000000" edges="-gneE36 -gneE34 gneE4 -gneE2 -gneE1"/>
        </routeDistribution>
    </vehicle>
    <vehicle id="296" depart="296.00">
        <routeDistribution last="0">
            <route cost="61.89" probability="1.00000000" edges="-gneE25 -gneE13 -gneE12 gneE17 gneE18 gneE24 gneE26 gneE30"/>
        </routeDistribution>
    </vehicle>
    <vehicle id="297" depart="297.00">
        <routeDistribution last="0">
            <route cost="83.93" probability="1.00000000" edges="-gneE32 -gneE31 -gneE23 -gneE7 -gneE6 -gneE4 gneE34 gneE36"/>
        </routeDistribution>
    </vehicle>
    <vehicle id="299" depart="299.00">
        <routeDistribution last="0">
            <route cost="41.42" probability="1.00000000" edges="-gneE1 gneE3 gneE4 gneE6"/>
        </routeDistribution>
    </vehicle>
    <vehicle id="300" depart="300.00">
        <routeDistribution last="0">
            <route cost="28.92" probability="1.00000000" edges="-gneE14 gneE13 gneE25 gneE26"/>
        </routeDistribution>
    </vehicle>
    <vehicle id="301" depart="301.00">
        <routeDistribution last="0">
            <route cost="76.26" probability="1.00000000" edges="-gneE9 gneE10 -gneE11 gneE13 gneE25 -gneE24 -gneE22 -gneE21 gneE28"/>
        </routeDistribution>
    </vehicle>
    <vehicle id="302" depart="302.00">
        <routeDistribution last="0">
            <route cost="6.31" probability="1.00000000" edges="gneE21"/>
        </routeDistribution>
    </vehicle>
    <vehicle id="303" depart="303.00">
        <routeDistribution last="0">
            <route cost="78.45" probability="1.00000000" edges="-gneE9 gneE10 -gneE11 -gneE12 -gneE5 -gneE2 -gneE1 gneE3"/>
        </routeDistribution>
    </vehicle>
    <vehicle id="305" depart="305.00">
        <routeDistribution last="0">
            <route cost="46.75" probability="1.00000000" edges="gneE21 -gneE7 -gneE6 -gneE4 -gneE3"/>
        </routeDistribution>
    </vehicle>
    <vehicle id="306" depart="306.00">
        <routeDistribution last="0">
            <route cost="79.74" probability="1.00000000" edges="gneE13 gneE25 -gneE24 -gneE18 -gneE17 gneE12 gneE11 -gneE10 gneE9 -gneE8"/>
        </routeDistribution>
    </vehicle>
    <vehicle id="307" depart="307.00">
        <routeDistribution last="0">
            <route cost="52.42" probability="1.00000000" edges="gneE1 gneE8 -gneE9 gneE10 -gneE11 -gneE12 -gneE5"/>
        </routeDistribution>
    </vehicle>
    <vehicle id="310" depart="310.00">
        <routeDistribution last="0">
            <route cost="45.61" probability="1.00000000" edges="-gneE28 gneE21 gneE22 -gneE18 -gneE17"/>
        </routeDistribution>
    </vehicle>
    <vehicle id="311" depart="311.00">
        <routeDistribution last="0">
            <route cost="24.31" probability="1.00000000" edges="-gneE24 -gneE18 -gneE17"/>
        </routeDistribution>
    </vehicle>
    <vehicle id="312" depart="312.00">
        <routeDistribution last="0">
            <route cost="68.54" probability="1.00000000" edges="gneE10 -gneE11 gneE13 gneE25 -gneE24 -gneE22 -gneE21 gneE28"/>
        </routeDistribution>
    </vehicle>
    <vehicle id="313" depart="313.00">
        <routeDistribution last="0">
            <route cost="57.87" probability="1.00000000" edges="-gneE23 -gneE7 -gneE6 gneE5 gneE17 gneE18 -gneE22"/>
        </routeDistribution>
    </vehicle>
    <vehicle id="314" depart="314.00">
        <routeDistribution last="0">
            <route cost="60.02" probability="1.00000000" edges="-gneE8 gneE2 gneE6 gneE7 gneE22 gneE24 gneE26"/>
        </routeDistribution>
    </vehicle>
    <vehicle id="315" depart="315.00">
        <routeDistribution last="0">
            <route cost="21.89" probability="1.00000000" edges="gneE8 -gneE9 gneE10"/>
        </routeDistribution>
    </vehicle>
    <vehicle id="318" depart="318.00">
        <routeDistribution last="0">
            <route cost="52.76" probability="1.00000000" edges="-gneE23 -gneE7 -gneE6 -gneE2 -gneE1 -gneE0"/>
        </routeDistribution>
    </vehicle>
    <vehicle id="320" depart="320.00">
        <routeDistribution last="0">
            <route cost="80.00" probability="1.00000000" edges="gneE8 -gneE9 gneE10 -gneE11 gneE13 gneE25 -gneE24 -gneE18 -gneE17 gneE12"/>
        </routeDistribution>
    </vehicle>
    <vehicle id="321" depart="321.00">
        <routeDistribution last="0">
            <route cost="21.58" probability="1.00000000" edges="gneE21 gneE22 -gneE18"/>
        </routeDistribution>
    </vehicle>
    <vehicle id="322" depart="322.00">
        <routeDistribution last="0">
            <route cost="67.50" probability="1.00000000" edges="gneE35 -gneE34 gneE4 -gneE2 gneE8 -gneE9"/>
        </routeDistribution>
    </vehicle>
    <vehicle id="323" depart="323.00">
        <routeDistribution last="0">
            <route cost="60.18" probability="1.00000000" edges="gneE35 -gneE34 gneE4 gneE5 gneE12 gneE13"/>
        </routeDistribution>
    </vehicle>
    <vehicle id="324" depart="324.00">
        <routeDistribution last="0">
            <route cost="72.68" probability="1.00000000" edges="-gneE8 gneE2 gneE5 gneE17 gneE18 -gneE22 -gneE7 -gneE6"/>
        </routeDistribution>
    </vehicle>
    <vehicle id="325" depart="325.00">
        <routeDistribution last="0">
            <route cost="67.11" probability="1.00000000" edges="-gneE23 -gneE7 -gneE6 -gneE2 gneE8 -gneE9 gneE10 -gneE11"/>
        </routeDistribution>
    </vehicle>
    <vehicle id="326" depart="326.00">
        <routeDistribution last="0">
            <route cost="71.88" probability="1.00000000" edges="gneE6 gneE7 gneE22 gneE24 -gneE25 -gneE13 gneE11 -gneE10 gneE9 -gneE8"/>
        </routeDistribution>
    </vehicle>
    <vehicle id="328" depart="328.00">
        <routeDistribution last="0">
            <route cost="50.44" probability="1.00000000" edges="-gneE13 gneE11 -gneE10 gneE9 -gneE8 gneE2"/>
        </routeDistribution>
    </vehicle>
    <vehicle id="329" depart="329.00">
        <routeDistribution last="0">
            <route cost="47.50" probability="1.00000000" edges="-gneE12 -gneE5 -gneE2 gneE8 -gneE19"/>
        </routeDistribution>
    </vehicle>
    <vehicle id="330" depart="330.00">
        <routeDistribution last="0">
            <route cost="77.84" probability="1.00000000" edges="gneE12 gneE11 -gneE10 gneE9 -gneE8 gneE2 -gneE4 -gneE3"/>
        </routeDistribution>
    </vehicle>
    <vehicle id="331" depart="331.00">
        <routeDistribution last="0">
            <route cost="65.11" probability="1.00000000" edges="gneE9 -gneE8 gneE2 gneE6 gneE7 gneE22 -gneE18 -gneE17"/>
        </routeDistribution>
    </vehicle>
    <vehicle id="332" depart="332.00">
        <routeDistribution last="0">
            <route cost="60.85" probability="1.00000000" edges="gneE25 -gneE24 -gneE22 -gneE7 -gneE6 gneE5 gneE17"/>
        </routeDistribution>
    </vehicle>
    <vehicle id="334" depart="334.00">
        <routeDistribution last="0">
            <route cost="74.57" probability="1.00000000" edges="gneE1 gneE2 gneE5 gneE17 gneE18 -gneE22 -gneE7 -gneE6"/>
        </routeDistribution>
    </vehicle>
    <vehicle id="335" depart="335.00">
        <routeDistribution last="0">
            <route cost="21.43" probability="1.00000000" edges="-gneE6 -gneE4 gneE34"/>
        </routeDistribution>
    </vehicle>
    <vehicle id="336" depart="336.00">
        <routeDistribution last="0">
            <route cost="55.97" probability="1.00000000" edges="gneE9 -gneE8 gneE2 -gneE4 -gneE3"/>
        </routeDistribution>
    </vehicle>
    <vehicle id="337" depart="337.00">
        <routeDistribution last="0">
            <route cost="13.37" probability="1.00000000" edges="gneE17 gneE18"/>
        </routeDistribution>
    </vehicle>
    <vehicle id="338" depart="338.00">
        <routeDistribution last="0">
            <route cost="43.74" probability="1.00000000" edges="gneE24 -gneE25 -gneE13 -gneE12 -gneE5 gneE6"/>
        </routeDistribution>
    </vehicle>
    <vehicle id="339" depart="339.00">
        <routeDistribution last="0">
            <route cost="45.11" probability="1.00000000" edges="-gneE25 -gneE13 -gneE12 gneE17 gneE18 -gneE22"/>
        </routeDistribution>
    </vehicle>
    <vehicle id="340" depart="340.00">
        <routeDistribution last="0">
            <route cost="75.76" probability="1.00000000" edges="gneE2 gneE6 gneE7 gneE22 -gneE18 -gneE17 -gneE5 -gneE2"/>
        </routeDistribution>
    </vehicle>
    <vehicle id="341" depart="341.00">
        <routeDistribution last="0">
            <route cost="45.39" probability="1.00000000" edges="-gneE23 gneE22 gneE24 -gneE25 -gneE13 -gneE12"/>
        </routeDistribution>
    </vehicle>
    <vehicle id="342" depart="342.00">
        <routeDistribution last="0">
            <route cost="82.88" probability="1.00000000" edges="-gneE1 gneE3 gneE4 gneE5 gneE17 gneE18 -gneE22 -gneE7 -gneE6"/>
        </routeDistribution>
    </vehicle>
    <vehicle id="344" depart="344.00">
        <routeDistribution last="0">
            <route cost="58.45" probability="1.00000000" edges="-gneE26 -gneE24 -gneE18 -gneE17 gneE12 gneE13 gneE25"/>
        </routeDistribution>
    </vehicle>
    <vehicle id="345" depart="345.00">
        <routeDistribution last="0">
            <route cost="14.38" probability="1.00000000" edges="gneE21 -gneE7"/>
        </routeDistribution>
    </vehicle>
    <vehicle id="346" depart="346.00">
        <routeDistribution last="0">
            <route cost="28.63" probability="1.00000000" edges="gneE20 gneE2 gneE5"/>
        </routeDistribution>
    </vehicle>
    <vehicle id="348" depart="348.00">
        <routeDistribution last="0">
            <route cost="20.91" probability="1.00000000" edges="gneE2 gneE5"/>
        </routeDistribution>
    </vehicle>
    <vehicle id="349" depart="349.00">
        <routeDistribution last="0">
            <route cost="58.14" probability="1.00000000" edges="-gneE5 gneE6 gneE7 gneE22 gneE24 -gneE25 -gneE13 gneE11"/>
        </routeDistribution>
    </vehicle>
    <vehicle id="352" depart="352.00">
        <routeDistribution last="0">
            <route cost="48.49" probability="1.00000000" edges="-gneE22 -gneE7 -gneE6 -gneE4 -gneE3"/>
        </routeDistribution>
    </vehicle>
    <vehicle id="353" depart="353.00">
        <routeDistribution last="0">
            <route cost="89.38" probability="1.00000000" edges="gneE24 -gneE25 -gneE13 gneE11 -gneE10 gneE9 -gneE8 gneE2 gneE5 gneE12 gneE13"/>
        </routeDistribution>
    </vehicle>
    <vehicle id="354" depart="354.00">
        <routeDistribution last="0">
            <route cost="77.65" probability="1.00000000" edges="-gneE3 gneE1 gneE2 gneE6 gneE7 gneE22 -gneE18 -gneE17"/>
        </routeDistribution>
    </vehicle>
    <vehicle id="355" depart="355.00">
        <routeDistribution last="0">
            <route cost="20.71" probability="1.00000000" edges="gneE21 gneE22 gneE24"/>
        </routeDistribution>
    </vehicle>
    <vehicle id="356" depart="356.00">
        <routeDistribution last="0">
            <route cost="81.00" probability="1.00000000" edges="gneE6 gneE7 gneE22 -gneE18 -gneE17 -gneE5 -gneE4 -gneE3 gneE1"/>
        </routeDistribution>
    </vehicle>
    <vehicle id="357" depart="357.00">
        <routeDistribution last="0">
            <route cost="69.38" probability="1.00000000" edges="-gneE9 gneE10 -gneE11 -gneE12 gneE17 gneE18 gneE24 -gneE25 -gneE13"/>
        </routeDistribution>
    </vehicle>
    <vehicle id="358" depart="358.00">
        <routeDistribution last="0">
            <route cost="23.32" probability="1.00000000" edges="-gneE11 -gneE12 -gneE5"/>
        </routeDistribution>
    </vehicle>
    <vehicle id="359" depart="359.00">
        <routeDistribution last="0">
            <route cost="39.25" probability="1.00000000" edges="-gneE31 -gneE23 gneE22 gneE24 -gneE25"/>
        </routeDistribution>
    </vehicle>
    <vehicle id="360" depart="360.00">
        <routeDistribution last="0">
            <route cost="35.61" probability="1.00000000" edges="-gneE14 -gneE12 -gneE5 gneE6 gneE7"/>
        </routeDistribution>
    </vehicle>
    <vehicle id="362" depart="362.00">
        <routeDistribution last="0">
            <route cost="64.68" probability="1.00000000" edges="gneE6 gneE7 gneE22 gneE24 -gneE25 -gneE13 gneE11 -gneE10 gneE9"/>
        </routeDistribution>
    </vehicle>
    <vehicle id="364" depart="364.00">
        <routeDistribution last="0">
            <route cost="61.56" probability="1.00000000" edges="-gneE11 gneE13 gneE25 -gneE24 -gneE22 -gneE21 gneE28"/>
        </routeDistribution>
    </vehicle>
    <vehicle id="366" depart="366.00">
        <routeDistribution last="0">
            <route cost="28.63" probability="1.00000000" edges="gneE4 -gneE2 -gneE20"/>
        </routeDistribution>
    </vehicle>
    <vehicle id="367" depart="367.00">
        <routeDistribution last="0">
            <route cost="94.49" probability="1.00000000" edges="gneE13 gneE25 -gneE24 -gneE18 -gneE17 gneE12 gneE11 -gneE10 gneE9 -gneE8 gneE2"/>
        </routeDistribution>
    </vehicle>
    <vehicle id="368" depart="368.00">
        <routeDistribution last="0">
            <route cost="69.38" probability="1.00000000" edges="-gneE9 gneE10 -gneE11 -gneE12 gneE17 gneE18 gneE24 -gneE25 -gneE13"/>
        </routeDistribution>
    </vehicle>
    <vehicle id="369" depart="369.00">
        <routeDistribution last="0">
            <route cost="23.72" probability="1.00000000" edges="-gneE33 -gneE32"/>
        </routeDistribution>
    </vehicle>
    <vehicle id="370" depart="370.00">
        <routeDistribution last="0">
            <route cost="66.91" probability="1.00000000" edges="gneE2 gneE6 gneE7 gneE23 gneE31 gneE32 gneE33"/>
        </routeDistribution>
    </vehicle>
    <vehicle id="371" depart="371.00">
        <routeDistribution last="0">
            <route cost="47.44" probability="1.00000000" edges="-gneE32 -gneE31 -gneE23 gneE22 gneE24"/>
        </routeDistribution>
    </vehicle>
    <vehicle id="372" depart="372.00">
        <routeDistribution last="0">
            <route cost="48.65" probability="1.00000000" edges="-gneE3 gneE1 gneE2 gneE6"/>
        </routeDistribution>
    </vehicle>
    <vehicle id="375" depart="375.00">
        <routeDistribution last="0">
            <route cost="52.79" probability="1.00000000" edges="-gneE31 -gneE23 -gneE7 -gneE6 -gneE2 gneE8"/>
        </routeDistribution>
    </vehicle>
    <vehicle id="376" depart="376.00">
        <routeDistribution last="0">
            <route cost="35.24" probability="1.00000000" edges="-gneE4 -gneE3 gneE1"/>
        </routeDistribution>
    </vehicle>
    <vehicle id="377" depart="377.00">
        <routeDistribution last="0">
            <route cost="50.36" probability="1.00000000" edges="gneE9 -gneE8 gneE2 gneE6 gneE7 gneE22"/>
        </routeDistribution>
    </vehicle>
    <vehicle id="378" depart="378.00">
        <routeDistribution last="0">
            <route cost="37.49" probability="1.00000000" edges="gneE10 -gneE11 -gneE12 -gneE5 -gneE4"/>
        </routeDistribution>
    </vehicle>
    <vehicle id="379" depart="379.00">
        <routeDistribution last="0">
            <route cost="69.11" probability="1.00000000" edges="-gneE24 -gneE22 -gneE7 -gneE6 -gneE4 gneE34 -gneE35"/>
        </routeDistribution>
    </vehicle>
    <vehicle id="380" depart="380.00">
        <routeDistribution last="0">
            <route cost="87.80" probability="1.00000000" edges="gneE25 -gneE24 -gneE18 -gneE17 gneE12 gneE11 -gneE10 gneE9 -gneE8 gneE2"/>
        </routeDistribution>
    </vehicle>
    <vehicle id="381" depart="381.00">
        <routeDistribution last="0">
            <route cost="23.32" probability="1.00000000" edges="gneE25 -gneE24 -gneE22"/>
        </routeDistribution>
    </vehicle>
    <vehicle id="382" depart="382.00">
        <routeDistribution last="0">
            <route cost="50.27" probability="1.00000000" edges="gneE11 -gneE10 gneE9 -gneE8 gneE2 gneE5"/>
        </routeDistribution>
    </vehicle>
    <vehicle id="383" depart="383.00">
        <routeDistribution last="0">
            <route cost="43.31" probability="1.00000000" edges="-gneE6 gneE5 gneE17 gneE18 gneE24"/>
        </routeDistribution>
    </vehicle>
    <vehicle id="384" depart="384.00">
        <routeDistribution last="0">
            <route cost="48.49" probability="1.00000000" edges="-gneE18 -gneE17 -gneE5 -gneE2 gneE8"/>
        </routeDistribution>
    </vehicle>
    <vehicle id="386" depart="386.00">
        <routeDistribution last="0">
            <route cost="39.44" probability="1.00000000" edges="-gneE22 -gneE7 -gneE6 gneE5 gneE12"/>
        </routeDistribution>
    </vehicle>
    <vehicle id="387" depart="387.00">
        <routeDistribution last="0">
            <route cost="86.63" probability="1.00000000" edges="gneE11 -gneE10 gneE9 -gneE8 gneE2 gneE6 gneE7 gneE22 gneE24 -gneE25 -gneE13"/>
        </routeDistribution>
    </vehicle>
    <vehicle id="389" depart="389.00">
        <routeDistribution last="0">
            <route cost="74.23" probability="1.00000000" edges="-gneE7 -gneE6 gneE5 gneE12 gneE13 gneE25 -gneE24 -gneE18 -gneE17"/>
        </routeDistribution>
    </vehicle>
    <vehicle id="391" depart="391.00">
        <routeDistribution last="0">
            <route cost="66.24" probability="1.00000000" edges="gneE22 -gneE18 -gneE17 -gneE5 -gneE4 -gneE3 gneE1"/>
        </routeDistribution>
    </vehicle>
    <vehicle id="392" depart="392.00">
        <routeDistribution last="0">
            <route cost="65.44" probability="1.00000000" edges="-gneE29 -gneE28 gneE21 gneE23 gneE31 gneE32"/>
        </routeDistribution>
    </vehicle>
    <vehicle id="393" depart="393.00">
        <routeDistribution last="0">
            <route cost="52.42" probability="1.00000000" edges="gneE8 -gneE9 gneE10 -gneE11 gneE13 gneE25 -gneE24"/>
        </routeDistribution>
    </vehicle>
    <vehicle id="394" depart="394.00">
        <routeDistribution last="0">
            <route cost="86.98" probability="1.00000000" edges="gneE11 -gneE10 gneE9 -gneE8 gneE2 gneE5 gneE12 gneE14 -gneE38"/>
        </routeDistribution>
    </vehicle>
    <vehicle id="395" depart="395.00">
        <routeDistribution last="0">
            <route cost="90.43" probability="1.00000000" edges="gneE4 gneE6 gneE7 gneE22 -gneE18 -gneE17 -gneE5 -gneE4 -gneE3 gneE1"/>
        </routeDistribution>
    </vehicle>
    <vehicle id="396" depart="396.00">
        <routeDistribution last="0">
            <route cost="57.89" probability="1.00000000" edges="gneE38 -gneE14 -gneE12 -gneE5 -gneE4 gneE34"/>
        </routeDistribution>
    </vehicle>
    <vehicle id="397" depart="397.00">
        <routeDistribution last="0">
            <route cost="84.51" probability="1.00000000" edges="-gneE29 -gneE28 gneE21 -gneE7 -gneE6 -gneE2 -gneE1 gneE3"/>
        </routeDistribution>
    </vehicle>
    <vehicle id="399" depart="399.00">
        <routeDistribution last="0">
            <route cost="60.25" probability="1.00000000" edges="gneE0 gneE1 gneE2 gneE6 gneE7 gneE23 gneE31"/>
        </routeDistribution>
    </vehicle>
    <vehicle id="400" depart="400.00">
        <routeDistribution last="0">
            <route cost="13.36" probability="1.00000000" edges="-gneE3"/>
        </routeDistribution>
    </vehicle>
    <vehicle id="401" depart="401.00">
        <routeDistribution last="0">
            <route cost="72.54" probability="1.00000000" edges="gneE13 gneE25 -gneE24 -gneE18 -gneE17 gneE12 gneE11 -gneE10 gneE9"/>
        </routeDistribution>
    </vehicle>
    <vehicle id="402" depart="402.00">
        <routeDistribution last="0">
            <route cost="72.16" probability="1.00000000" edges="-gneE9 gneE10 -gneE11 -gneE12 -gneE5 -gneE2 gneE8 -gneE19"/>
        </routeDistribution>
    </vehicle>
    <vehicle id="404" depart="404.00">
        <routeDistribution last="0">
            <route cost="6.68" probability="1.00000000" edges="gneE11"/>
        </routeDistribution>
    </vehicle>
    <vehicle id="406" depart="406.00">
        <routeDistribution last="0">
            <route cost="62.86" probability="1.00000000" edges="-gneE24 -gneE18 -gneE17 -gneE5 gneE6 gneE7 gneE22 gneE24"/>
        </routeDistribution>
    </vehicle>
    <vehicle id="409" depart="409.00">
        <routeDistribution last="0">
            <route cost="96.07" probability="1.00000000" edges="gneE24 -gneE25 -gneE13 gneE11 -gneE10 gneE9 -gneE8 gneE2 gneE5 gneE12 gneE13 gneE25"/>
        </routeDistribution>
    </vehicle>
    <vehicle id="410" depart="410.00">
        <routeDistribution last="0">
            <route cost="66.33" probability="1.00000000" edges="gneE3 gneE4 gneE5 gneE12 gneE14 -gneE38"/>
        </routeDistribution>
    </vehicle>
    <vehicle id="411" depart="411.00">
        <routeDistribution last="0">
            <route cost="42.74" probability="1.00000000" edges="gneE2 gneE6 gneE7 gneE23 gneE31"/>
        </routeDistribution>
    </vehicle>
    <vehicle id="412" depart="412.00">
        <routeDistribution last="0">
            <route cost="13.65" probability="1.00000000" edges="gneE8 -gneE9"/>
        </routeDistribution>
    </vehicle>
    <vehicle id="413" depart="413.00">
        <routeDistribution last="0">
            <route cost="59.59" probability="1.00000000" edges="-gneE11 -gneE12 -gneE5 -gneE4 -gneE3 gneE1"/>
        </routeDistribution>
    </vehicle>
    <vehicle id="414" depart="414.00">
        <routeDistribution last="0">
            <route cost="61.40" probability="1.00000000" edges="gneE13 gneE25 -gneE24 -gneE22 -gneE7 -gneE6 -gneE4 gneE34"/>
        </routeDistribution>
    </vehicle>
    <vehicle id="415" depart="415.00">
        <routeDistribution last="0">
            <route cost="87.25" probability="1.00000000" edges="gneE35 -gneE34 gneE4 gneE5 gneE17 gneE18 -gneE22 -gneE7 -gneE6"/>
        </routeDistribution>
    </vehicle>
    <vehicle id="416" depart="416.00">
        <routeDistribution last="0">
            <route cost="67.88" probability="1.00000000" edges="gneE1 gneE2 gneE5 gneE17 gneE18 -gneE22 -gneE7"/>
        </routeDistribution>
    </vehicle>
    <vehicle id="418" depart="418.00">
        <routeDistribution last="0">
            <route cost="79.23" probability="1.00000000" edges="gneE19 -gneE8 gneE2 gneE5 gneE12 gneE11 -gneE10 gneE9 -gneE19"/>
        </routeDistribution>
    </vehicle>
    <vehicle id="419" depart="419.00">
        <routeDistribution last="0">
            <route cost="62.85" probability="1.00000000" edges="-gneE8 -gneE1 gneE3 gneE4 -gneE2 gneE8"/>
        </routeDistribution>
    </vehicle>
    <vehicle id="420" depart="420.00">
        <routeDistribution last="0">
            <route cost="47.44" probability="1.00000000" edges="-gneE32 -gneE31 -gneE23 gneE22 gneE24"/>
        </routeDistribution>
    </vehicle>
    <vehicle id="421" depart="421.00">
        <routeDistribution last="0">
            <route cost="84.42" probability="1.00000000" edges="gneE19 -gneE8 gneE2 gneE6 gneE7 gneE23 gneE31 gneE32 gneE33"/>
        </routeDistribution>
    </vehicle>
    <vehicle id="424" depart="424.00">
        <routeDistribution last="0">
            <route cost="70.80" probability="1.00000000" edges="gneE22 -gneE18 -gneE17 -gneE5 gneE6 gneE7 -gneE21 gneE28"/>
        </routeDistribution>
    </vehicle>
    <vehicle id="425" depart="425.00">
        <routeDistribution last="0">
            <route cost="65.27" probability="1.00000000" edges="gneE35 -gneE34 gneE4 gneE5 gneE12 gneE11 -gneE10"/>
        </routeDistribution>
    </vehicle>
    <vehicle id="426" depart="426.00">
        <routeDistribution last="0">
            <route cost="50.44" probability="1.00000000" edges="-gneE13 gneE11 -gneE10 gneE9 -gneE8 gneE2"/>
        </routeDistribution>
    </vehicle>
    <vehicle id="427" depart="427.00">
        <routeDistribution last="0">
            <route cost="42.72" probability="1.00000000" edges="gneE4 gneE5 gneE12 gneE11 -gneE10 gneE9"/>
        </routeDistribution>
    </vehicle>
    <vehicle id="428" depart="428.00">
        <routeDistribution last="0">
            <route cost="35.67" probability="1.00000000" edges="gneE24 -gneE25 -gneE13 -gneE12 -gneE5"/>
        </routeDistribution>
    </vehicle>
    <vehicle id="429" depart="429.00">
        <routeDistribution last="0">
            <route cost="60.22" probability="1.00000000" edges="-gneE17 gneE12 gneE11 -gneE10 gneE9 -gneE8 gneE2"/>
        </routeDistribution>
    </vehicle>
    <vehicle id="430" depart="430.00">
        <routeDistribution last="0">
            <route cost="87.25" probability="1.00000000" edges="gneE35 -gneE34 gneE4 gneE5 gneE17 gneE18 -gneE22 -gneE7 -gneE6"/>
        </routeDistribution>
    </vehicle>
    <vehicle id="431" depart="431.00">
        <routeDistribution last="0">
            <route cost="68.31" probability="1.00000000" edges="gneE21 -gneE7 -gneE6 -gneE2 -gneE1 gneE3 gneE4"/>
        </routeDistribution>
    </vehicle>
    <vehicle id="432" depart="432.00">
        <routeDistribution last="0">
            <route cost="63.75" probability="1.00000000" edges="-gneE11 -gneE12 -gneE5 -gneE2 -gneE1 gneE3"/>
        </routeDistribution>
    </vehicle>
    <vehicle id="433" depart="433.00">
        <routeDistribution last="0">
            <route cost="81.92" probability="1.00000000" edges="-gneE3 gneE1 gneE2 -gneE4 gneE34 -gneE35"/>
        </routeDistribution>
    </vehicle>
    <vehicle id="435" depart="435.00">
        <routeDistribution last="0">
            <route cost="58.97" probability="1.00000000" edges="gneE12 gneE11 -gneE10 gneE9 -gneE8 -gneE1 gneE3"/>
        </routeDistribution>
    </vehicle>
    <vehicle id="436" depart="436.00">
        <routeDistribution last="0">
            <route cost="74.19" probability="1.00000000" edges="-gneE22 -gneE7 -gneE6 gneE5 gneE17 gneE18 gneE24 -gneE25 -gneE13"/>
        </routeDistribution>
    </vehicle>
    <vehicle id="437" depart="437.00">
        <routeDistribution last="0">
            <route cost="61.17" probability="1.00000000" edges="gneE35 -gneE34 gneE4 gneE5 gneE17 gneE18"/>
        </routeDistribution>
    </vehicle>
    <vehicle id="440" depart="440.00">
        <routeDistribution last="0">
            <route cost="46.12" probability="1.00000000" edges="-gneE28 gneE21 gneE22 gneE24 -gneE25"/>
        </routeDistribution>
    </vehicle>
    <vehicle id="441" depart="441.00">
        <routeDistribution last="0">
            <route cost="77.43" probability="1.00000000" edges="-gneE1 gneE3 gneE4 gneE5 gneE12 gneE13 gneE25 gneE26 gneE30"/>
        </routeDistribution>
    </vehicle>
    <vehicle id="443" depart="443.00">
        <routeDistribution last="0">
            <route cost="22.81" probability="1.00000000" edges="-gneE22 -gneE7 -gneE6"/>
        </routeDistribution>
    </vehicle>
    <vehicle id="444" depart="444.00">
        <routeDistribution last="0">
            <route cost="77.25" probability="1.00000000" edges="-gneE33 -gneE32 -gneE31 -gneE23 -gneE7 -gneE6 gneE5 gneE12 gneE14"/>
        </routeDistribution>
    </vehicle>
    <vehicle id="445" depart="445.00">
        <routeDistribution last="0">
            <route cost="45.24" probability="1.00000000" edges="gneE18 gneE24 -gneE25 -gneE13 -gneE12 -gneE5"/>
        </routeDistribution>
    </vehicle>
    <vehicle id="446" depart="446.00">
        <routeDistribution last="0">
            <route cost="65.03" probability="1.00000000" edges="-gneE28 gneE21 gneE23 gneE31 gneE32 gneE33"/>
        </routeDistribution>
    </vehicle>
    <vehicle id="447" depart="447.00">
        <routeDistribution last="0">
            <route cost="63.26" probability="1.00000000" edges="-gneE24 -gneE18 -gneE17 gneE12 gneE14 -gneE38"/>
        </routeDistribution>
    </vehicle>
    <vehicle id="448" depart="448.00">
        <routeDistribution last="0">
            <route cost="61.74" probability="1.00000000" edges="-gneE8 gneE2 gneE5 gneE12 gneE13 gneE25 -gneE24"/>
        </routeDistribution>
    </vehicle>
    <vehicle id="449" depart="449.00">
        <routeDistribution last="0">
            <route cost="16.12" probability="1.00000000" edges="gneE12 gneE13"/>
        </routeDistribution>
    </vehicle>
    <vehicle id="451" depart="451.00">
        <routeDistribution last="0">
            <route cost="67.52" probability="1.00000000" edges="gneE8 -gneE9 gneE10 -gneE11 -gneE12 -gneE5 gneE6 gneE7 gneE22"/>
        </routeDistribution>
    </vehicle>
    <vehicle id="452" depart="452.00">
        <routeDistribution last="0">
            <route cost="72.91" probability="1.00000000" edges="-gneE29 -gneE28 gneE21 gneE22 -gneE18 -gneE17 gneE12 gneE13"/>
        </routeDistribution>
    </vehicle>
    <vehicle id="453" depart="453.00">
        <routeDistribution last="0">
            <route cost="57.95" probability="1.00000000" edges="gneE20 gneE2 gneE6 gneE7 gneE22 gneE24 gneE27"/>
        </routeDistribution>
    </vehicle>
    <vehicle id="454" depart="454.00">
        <routeDistribution last="0">
            <route cost="14.23" probability="1.00000000" edges="-gneE12 gneE17"/>
        </routeDistribution>
    </vehicle>
    <vehicle id="455" depart="455.00">
        <routeDistribution last="0">
            <route cost="87.50" probability="1.00000000" edges="-gneE9 gneE10 -gneE11 -gneE12 -gneE5 -gneE2 -gneE1 gneE3 gneE4"/>
        </routeDistribution>
    </vehicle>
    <vehicle id="456" depart="456.00">
        <routeDistribution last="0">
            <route cost="83.25" probability="1.00000000" edges="-gneE3 gneE1 gneE8 -gneE9 gneE10 -gneE11 gneE13 gneE25 gneE26 gneE30"/>
        </routeDistribution>
    </vehicle>
    <vehicle id="458" depart="458.00">
        <routeDistribution last="0">
            <route cost="6.68" probability="1.00000000" edges="gneE18"/>
        </routeDistribution>
    </vehicle>
    <vehicle id="459" depart="459.00">
        <routeDistribution last="0">
            <route cost="58.77" probability="1.00000000" edges="gneE20 gneE8 -gneE9 gneE10 -gneE11 gneE13 gneE25 gneE26"/>
        </routeDistribution>
    </vehicle>
    <vehicle id="460" depart="460.00">
        <routeDistribution last="0">
            <route cost="59.41" probability="1.00000000" edges="gneE2 gneE6 gneE7 gneE23 gneE31 gneE32"/>
        </routeDistribution>
    </vehicle>
    <vehicle id="461" depart="461.00">
        <routeDistribution last="0">
            <route cost="80.01" probability="1.00000000" edges="gneE18 -gneE22 -gneE7 -gneE6 -gneE2 -gneE1 gneE3 gneE4"/>
        </routeDistribution>
    </vehicle>
    <vehicle id="462" depart="462.00">
        <routeDistribution last="0">
            <route cost="58.44" probability="1.00000000" edges="gneE19 -gneE8 gneE2 -gneE4 -gneE3"/>
        </routeDistribution>
    </vehicle>
    <vehicle id="463" depart="463.00">
        <routeDistribution last="0">
            <route cost="30.80" probability="1.00000000" edges="-gneE6 gneE5 gneE12 gneE14"/>
        </routeDistribution>
    </vehicle>
    <vehicle id="465" depart="465.00">
        <routeDistribution last="0">
            <route cost="76.39" probability="1.00000000" edges="-gneE3 gneE1 gneE8 -gneE9 gneE10 -gneE11 gneE13 gneE25 gneE27"/>
        </routeDistribution>
    </vehicle>
    <vehicle id="466" depart="466.00">
        <routeDistribution last="0">
            <route cost="23.96" probability="1.00000000" edges="-gneE23 gneE22 -gneE18"/>
        </routeDistribution>
    </vehicle>
    <vehicle id="467" depart="467.00">
        <routeDistribution last="0">
            <route cost="56.37" probability="1.00000000" edges="gneE10 -gneE11 -gneE12 -gneE5 -gneE2 gneE8"/>
        </routeDistribution>
    </vehicle>
    <vehicle id="471" depart="471.00">
        <routeDistribution last="0">
            <route cost="61.52" probability="1.00000000" edges="gneE3 gneE4 gneE5 gneE12 gneE13 gneE25 gneE27"/>
        </routeDistribution>
    </vehicle>
    <vehicle id="472" depart="472.00">
        <routeDistribution last="0">
            <route cost="55.00" probability="1.00000000" edges="-gneE32 -gneE31 -gneE23 gneE22 -gneE18 -gneE17"/>
        </routeDistribution>
    </vehicle>
    <vehicle id="473" depart="473.00">
        <routeDistribution last="0">
            <route cost="69.45" probability="1.00000000" edges="gneE7 gneE22 gneE24 -gneE25 -gneE13 gneE11 -gneE10 gneE9 -gneE19"/>
        </routeDistribution>
    </vehicle>
    <vehicle id="474" depart="474.00">
        <routeDistribution last="0">
            <route cost="52.44" probability="1.00000000" edges="gneE7 gneE22 -gneE18 -gneE17 -gneE5 -gneE4 gneE34"/>
        </routeDistribution>
    </vehicle>
    <vehicle id="476" depart="476.00">
        <routeDistribution last="0">
            <route cost="38.59" probability="1.00000000" edges="gneE7 gneE22 gneE24 gneE26 gneE30"/>
        </routeDistribution>
    </vehicle>
    <vehicle id="477" depart="477.00">
        <routeDistribution last="0">
            <route cost="51.91" probability="1.00000000" edges="-gneE34 gneE4 -gneE2 -gneE1 gneE3"/>
        </routeDistribution>
    </vehicle>
    <vehicle id="478" depart="478.00">
        <routeDistribution last="0">
            <route cost="53.93" probability="1.00000000" edges="-gneE1 gneE3 gneE4 gneE5 gneE12 gneE11"/>
        </routeDistribution>
    </vehicle>
    <vehicle id="479" depart="479.00">
        <routeDistribution last="0">
            <route cost="58.22" probability="1.00000000" edges="-gneE7 -gneE6 gneE5 gneE17 gneE18 -gneE22 gneE23"/>
        </routeDistribution>
    </vehicle>
    <vehicle id="480" depart="480.00">
        <routeDistribution last="0">
            <route cost="43.32" probability="1.00000000" edges="gneE20 gneE2 gneE5 gneE12 gneE14"/>
        </routeDistribution>
    </vehicle>
    <vehicle id="483" depart="483.00">
        <routeDistribution last="0">
            <route cost="76.63" probability="1.00000000" edges="-gneE10 gneE9 -gneE8 gneE2 -gneE4 gneE34 gneE36"/>
        </routeDistribution>
    </vehicle>
    <vehicle id="485" depart="485.00">
        <routeDistribution last="0">
            <route cost="28.64" probability="1.00000000" edges="-gneE26 -gneE25 -gneE13 -gneE12"/>
        </routeDistribution>
    </vehicle>
    <vehicle id="487" depart="487.00">
        <routeDistribution last="0">
            <route cost="50.24" probability="1.00000000" edges="-gneE30 -gneE26 -gneE25 -gneE13 -gneE12 -gneE5 -gneE4"/>
        </routeDistribution>
    </vehicle>
    <vehicle id="488" depart="488.00">
        <routeDistribution last="0">
            <route cost="56.17" probability="1.00000000" edges="-gneE2 -gneE1 gneE3 gneE4 gneE6"/>
        </routeDistribution>
    </vehicle>
    <vehicle id="489" depart="489.00">
        <routeDistribution last="0">
            <route cost="76.60" probability="1.00000000" edges="-gneE30 -gneE26 -gneE25 -gneE13 -gneE12 -gneE5 -gneE2 gneE8 -gneE9"/>
        </routeDistribution>
    </vehicle>
    <vehicle id="490" depart="490.00">
        <routeDistribution last="0">
            <route cost="54.10" probability="1.00000000" edges="-gneE17 -gneE5 -gneE4 gneE34 gneE36"/>
        </routeDistribution>
    </vehicle>
    <vehicle id="491" depart="491.00">
        <routeDistribution last="0">
            <route cost="86.21" probability="1.00000000" edges="-gneE2 gneE8 -gneE9 gneE10 -gneE11 gneE13 gneE25 -gneE24 -gneE22 -gneE7"/>
        </routeDistribution>
    </vehicle>
    <vehicle id="492" depart="492.00">
        <routeDistribution last="0">
            <route cost="50.24" probability="1.00000000" edges="gneE2 gneE6 gneE7 gneE22 gneE24 gneE27"/>
        </routeDistribution>
    </vehicle>
    <vehicle id="493" depart="493.00">
        <routeDistribution last="0">
            <route cost="51.92" probability="1.00000000" edges="gneE6 gneE7 gneE22 -gneE18 -gneE17 -gneE5 -gneE4"/>
        </routeDistribution>
    </vehicle>
    <vehicle id="494" depart="494.00">
        <routeDistribution last="0">
            <route cost="54.18" probability="1.00000000" edges="gneE24 -gneE25 -gneE13 gneE11 -gneE10 gneE9 -gneE19"/>
        </routeDistribution>
    </vehicle>
    <vehicle id="496" depart="496.00">
        <routeDistribution last="0">
            <route cost="45.22" probability="1.00000000" edges="-gneE9 gneE10 -gneE11 -gneE12 -gneE5 -gneE4"/>
        </routeDistribution>
    </vehicle>
    <vehicle id="497" depart="497.00">
        <routeDistribution last="0">
            <route cost="57.57" probability="1.00000000" edges="gneE6 gneE7 gneE22 gneE24 -gneE25 -gneE13 gneE11 -gneE10"/>
        </routeDistribution>
    </vehicle>
    <vehicle id="498" depart="498.00">
        <routeDistribution last="0">
            <route cost="64.78" probability="1.00000000" edges="-gneE34 gneE4 gneE5 gneE17 gneE18 -gneE22 -gneE7 -gneE6"/>
        </routeDistribution>
    </vehicle>
    <vehicle id="499" depart="499.00">
        <routeDistribution last="0">
            <route cost="52.51" probability="1.00000000" edges="gneE6 gneE7 gneE23 gneE31 gneE32 gneE33"/>
        </routeDistribution>
    </vehicle>
</routes>
