<?xml version="1.0" encoding="UTF-8"?>

<!-- generated on 03/22/21 15:18:38 by Eclipse SUMO netedit Version 1.7.0
<configuration xmlns:xsi="http://www.w3.org/2001/XMLSchema-instance" xsi:noNamespaceSchemaLocation="http://sumo.dlr.de/xsd/netconvertConfiguration.xsd">

    <output>
        <output-file value="E:\python%20simulation%20for%20traffic%20light%20signals\Test\city-1\city1.net.xml"/>
    </output>

    <processing>
        <offset.disable-normalization value="true"/>
    </processing>

    <junctions>
        <no-turnarounds value="true"/>
    </junctions>

    <report>
        <aggregate-warnings value="5"/>
    </report>

</configuration>
-->

<net version="1.6" junctionCornerDetail="5" limitTurnSpeed="5.50" xmlns:xsi="http://www.w3.org/2001/XMLSchema-instance" xsi:noNamespaceSchemaLocation="http://sumo.dlr.de/xsd/net_file.xsd">

    <location netOffset="0.00,0.00" convBoundary="-100.00,-200.00,800.00,400.00" origBoundary="10000000000.00,10000000000.00,-10000000000.00,-10000000000.00" projParameter="!"/>

    <edge id=":gneJ1_0" function="internal">
        <lane id=":gneJ1_0_0" index="0" speed="13.89" length="14.40" shape="7.20,301.60 -7.20,301.60"/>
    </edge>
    <edge id=":gneJ1_1" function="internal">
        <lane id=":gneJ1_1_0" index="0" speed="8.00" length="5.93" shape="7.20,301.60 3.35,301.05 1.60,300.00"/>
    </edge>
    <edge id=":gneJ1_6" function="internal">
        <lane id=":gneJ1_6_0" index="0" speed="8.00" length="8.26" shape="1.60,300.00 0.60,299.40 -1.05,296.65 -1.60,292.80"/>
    </edge>
    <edge id=":gneJ1_2" function="internal">
        <lane id=":gneJ1_2_0" index="0" speed="6.51" length="9.03" shape="1.60,292.80 1.95,295.25 3.00,297.00 4.75,298.05 7.20,298.40"/>
    </edge>
    <edge id=":gneJ1_3" function="internal">
        <lane id=":gneJ1_3_0" index="0" speed="8.00" length="14.19" shape="1.60,292.80 1.05,296.65 -0.60,299.40 -3.35,301.05 -7.20,301.60"/>
    </edge>
    <edge id=":gneJ1_4" function="internal">
        <lane id=":gneJ1_4_0" index="0" speed="6.51" length="9.03" shape="-7.20,298.40 -4.75,298.05 -3.00,297.00 -1.95,295.25 -1.60,292.80"/>
    </edge>
    <edge id=":gneJ1_5" function="internal">
        <lane id=":gneJ1_5_0" index="0" speed="13.89" length="14.40" shape="-7.20,298.40 7.20,298.40"/>
    </edge>
    <edge id=":gneJ10_0" function="internal">
        <lane id=":gneJ10_0_0" index="0" speed="13.89" length="0.10" shape="100.00,1.60 100.00,1.60"/>
    </edge>
    <edge id=":gneJ10_1" function="internal">
        <lane id=":gneJ10_1_0" index="0" speed="13.89" length="0.10" shape="100.00,-1.60 100.00,-1.60"/>
    </edge>
    <edge id=":gneJ11_0" function="internal">
        <lane id=":gneJ11_0_0" index="0" speed="6.51" length="9.03" shape="198.40,7.20 198.05,4.75 197.00,3.00 195.25,1.95 192.80,1.60"/>
    </edge>
    <edge id=":gneJ11_1" function="internal">
        <lane id=":gneJ11_1_0" index="0" speed="13.89" length="14.40" shape="198.40,7.20 198.40,-7.20"/>
    </edge>
    <edge id=":gneJ11_2" function="internal">
        <lane id=":gneJ11_2_0" index="0" speed="8.00" length="5.93" shape="198.40,7.20 198.95,3.35 200.00,1.60"/>
    </edge>
    <edge id=":gneJ11_12" function="internal">
        <lane id=":gneJ11_12_0" index="0" speed="8.00" length="8.26" shape="200.00,1.60 200.60,0.60 203.35,-1.05 207.20,-1.60"/>
    </edge>
    <edge id=":gneJ11_3" function="internal">
        <lane id=":gneJ11_3_0" index="0" speed="6.51" length="9.03" shape="207.20,1.60 204.75,1.95 203.00,3.00 201.95,4.75 201.60,7.20"/>
    </edge>
    <edge id=":gneJ11_4" function="internal">
        <lane id=":gneJ11_4_0" index="0" speed="13.89" length="14.40" shape="207.20,1.60 192.80,1.60"/>
    </edge>
    <edge id=":gneJ11_5" function="internal">
        <lane id=":gneJ11_5_0" index="0" speed="8.00" length="5.93" shape="207.20,1.60 203.35,1.05 201.60,-0.00"/>
    </edge>
    <edge id=":gneJ11_13" function="internal">
        <lane id=":gneJ11_13_0" index="0" speed="8.00" length="8.26" shape="201.60,-0.00 200.60,-0.60 198.95,-3.35 198.40,-7.20"/>
    </edge>
    <edge id=":gneJ11_6" function="internal">
        <lane id=":gneJ11_6_0" index="0" speed="6.51" length="9.03" shape="201.60,-7.20 201.95,-4.75 203.00,-3.00 204.75,-1.95 207.20,-1.60"/>
    </edge>
    <edge id=":gneJ11_7" function="internal">
        <lane id=":gneJ11_7_0" index="0" speed="13.89" length="14.40" shape="201.60,-7.20 201.60,7.20"/>
    </edge>
    <edge id=":gneJ11_8" function="internal">
        <lane id=":gneJ11_8_0" index="0" speed="8.00" length="5.93" shape="201.60,-7.20 201.05,-3.35 200.00,-1.60"/>
    </edge>
    <edge id=":gneJ11_14" function="internal">
        <lane id=":gneJ11_14_0" index="0" speed="8.00" length="8.26" shape="200.00,-1.60 199.40,-0.60 196.65,1.05 192.80,1.60"/>
    </edge>
    <edge id=":gneJ11_9" function="internal">
        <lane id=":gneJ11_9_0" index="0" speed="6.51" length="9.03" shape="192.80,-1.60 195.25,-1.95 197.00,-3.00 198.05,-4.75 198.40,-7.20"/>
    </edge>
    <edge id=":gneJ11_10" function="internal">
        <lane id=":gneJ11_10_0" index="0" speed="13.89" length="14.40" shape="192.80,-1.60 207.20,-1.60"/>
    </edge>
    <edge id=":gneJ11_11" function="internal">
        <lane id=":gneJ11_11_0" index="0" speed="8.00" length="5.93" shape="192.80,-1.60 196.65,-1.05 198.40,0.00"/>
    </edge>
    <edge id=":gneJ11_15" function="internal">
        <lane id=":gneJ11_15_0" index="0" speed="8.00" length="8.26" shape="198.40,0.00 199.40,0.60 201.05,3.35 201.60,7.20"/>
    </edge>
    <edge id=":gneJ12_0" function="internal">
        <lane id=":gneJ12_0_0" index="0" speed="13.89" length="0.10" shape="300.00,1.60 300.00,1.60"/>
    </edge>
    <edge id=":gneJ12_1" function="internal">
        <lane id=":gneJ12_1_0" index="0" speed="13.89" length="0.10" shape="300.00,-1.60 300.00,-1.60"/>
    </edge>
    <edge id=":gneJ13_0" function="internal">
        <lane id=":gneJ13_0_0" index="0" speed="3.90" length="2.58" shape="198.40,-96.80 198.30,-97.50 198.00,-98.00 197.50,-98.30 196.80,-98.40"/>
    </edge>
    <edge id=":gneJ13_1" function="internal">
        <lane id=":gneJ13_1_0" index="0" speed="6.08" length="7.74" shape="196.80,-101.60 198.90,-101.30 200.40,-100.40 201.30,-98.90 201.60,-96.80"/>
    </edge>
    <edge id=":gneJ15_0" function="internal">
        <lane id=":gneJ15_0_0" index="0" speed="13.89" length="0.10" shape="300.00,101.60 300.00,101.60"/>
    </edge>
    <edge id=":gneJ15_1" function="internal">
        <lane id=":gneJ15_1_0" index="0" speed="13.89" length="0.10" shape="300.00,98.40 300.00,98.40"/>
    </edge>
    <edge id=":gneJ16_0" function="internal">
        <lane id=":gneJ16_0_0" index="0" speed="6.51" length="9.03" shape="398.40,107.20 398.05,104.75 397.00,103.00 395.25,101.95 392.80,101.60"/>
    </edge>
    <edge id=":gneJ16_1" function="internal">
        <lane id=":gneJ16_1_0" index="0" speed="13.89" length="14.40" shape="398.40,107.20 398.40,92.80"/>
    </edge>
    <edge id=":gneJ16_2" function="internal">
        <lane id=":gneJ16_2_0" index="0" speed="13.89" length="14.40" shape="401.60,92.80 401.60,107.20"/>
    </edge>
    <edge id=":gneJ16_3" function="internal">
        <lane id=":gneJ16_3_0" index="0" speed="8.00" length="5.93" shape="401.60,92.80 401.05,96.65 400.00,98.40"/>
    </edge>
    <edge id=":gneJ16_6" function="internal">
        <lane id=":gneJ16_6_0" index="0" speed="8.00" length="8.26" shape="400.00,98.40 399.40,99.40 396.65,101.05 392.80,101.60"/>
    </edge>
    <edge id=":gneJ16_4" function="internal">
        <lane id=":gneJ16_4_0" index="0" speed="6.51" length="9.03" shape="392.80,98.40 395.25,98.05 397.00,97.00 398.05,95.25 398.40,92.80"/>
    </edge>
    <edge id=":gneJ16_5" function="internal">
        <lane id=":gneJ16_5_0" index="0" speed="8.00" length="14.19" shape="392.80,98.40 396.65,98.95 399.40,100.60 401.05,103.35 401.60,107.20"/>
    </edge>
    <edge id=":gneJ19_0" function="internal">
        <lane id=":gneJ19_0_0" index="0" speed="6.16" length="10.83" shape="405.35,299.12 402.31,300.15 400.14,299.78 398.83,298.00 398.40,294.82"/>
    </edge>
    <edge id=":gneJ19_1" function="internal">
        <lane id=":gneJ19_1_0" index="0" speed="3.95" length="3.61" shape="401.60,294.82 401.74,295.88 402.18,296.47 402.90,296.60 403.92,296.25"/>
    </edge>
    <edge id=":gneJ2_0" function="internal">
        <lane id=":gneJ2_0_0" index="0" speed="6.51" length="9.03" shape="-1.60,207.20 -1.95,204.75 -3.00,203.00 -4.75,201.95 -7.20,201.60"/>
    </edge>
    <edge id=":gneJ2_1" function="internal">
        <lane id=":gneJ2_1_0" index="0" speed="13.89" length="14.40" shape="-1.60,207.20 -1.60,192.80"/>
    </edge>
    <edge id=":gneJ2_2" function="internal">
        <lane id=":gneJ2_2_0" index="0" speed="8.00" length="5.93" shape="-1.60,207.20 -1.05,203.35 -0.00,201.60"/>
    </edge>
    <edge id=":gneJ2_12" function="internal">
        <lane id=":gneJ2_12_0" index="0" speed="8.00" length="8.26" shape="-0.00,201.60 0.60,200.60 3.35,198.95 7.20,198.40"/>
    </edge>
    <edge id=":gneJ2_3" function="internal">
        <lane id=":gneJ2_3_0" index="0" speed="6.51" length="9.03" shape="7.20,201.60 4.75,201.95 3.00,203.00 1.95,204.75 1.60,207.20"/>
    </edge>
    <edge id=":gneJ2_4" function="internal">
        <lane id=":gneJ2_4_0" index="0" speed="13.89" length="14.40" shape="7.20,201.60 -7.20,201.60"/>
    </edge>
    <edge id=":gneJ2_5" function="internal">
        <lane id=":gneJ2_5_0" index="0" speed="8.00" length="5.93" shape="7.20,201.60 3.35,201.05 1.60,200.00"/>
    </edge>
    <edge id=":gneJ2_13" function="internal">
        <lane id=":gneJ2_13_0" index="0" speed="8.00" length="8.26" shape="1.60,200.00 0.60,199.40 -1.05,196.65 -1.60,192.80"/>
    </edge>
    <edge id=":gneJ2_6" function="internal">
        <lane id=":gneJ2_6_0" index="0" speed="6.51" length="9.03" shape="1.60,192.80 1.95,195.25 3.00,197.00 4.75,198.05 7.20,198.40"/>
    </edge>
    <edge id=":gneJ2_7" function="internal">
        <lane id=":gneJ2_7_0" index="0" speed="13.89" length="14.40" shape="1.60,192.80 1.60,207.20"/>
    </edge>
    <edge id=":gneJ2_8" function="internal">
        <lane id=":gneJ2_8_0" index="0" speed="8.00" length="5.93" shape="1.60,192.80 1.05,196.65 -0.00,198.40"/>
    </edge>
    <edge id=":gneJ2_14" function="internal">
        <lane id=":gneJ2_14_0" index="0" speed="8.00" length="8.26" shape="-0.00,198.40 -0.60,199.40 -3.35,201.05 -7.20,201.60"/>
    </edge>
    <edge id=":gneJ2_9" function="internal">
        <lane id=":gneJ2_9_0" index="0" speed="6.51" length="9.03" shape="-7.20,198.40 -4.75,198.05 -3.00,197.00 -1.95,195.25 -1.60,192.80"/>
    </edge>
    <edge id=":gneJ2_10" function="internal">
        <lane id=":gneJ2_10_0" index="0" speed="13.89" length="14.40" shape="-7.20,198.40 7.20,198.40"/>
    </edge>
    <edge id=":gneJ2_11" function="internal">
        <lane id=":gneJ2_11_0" index="0" speed="8.00" length="5.93" shape="-7.20,198.40 -3.35,198.95 -1.60,200.00"/>
    </edge>
    <edge id=":gneJ2_15" function="internal">
        <lane id=":gneJ2_15_0" index="0" speed="8.00" length="8.26" shape="-1.60,200.00 -0.60,200.60 1.05,203.35 1.60,207.20"/>
    </edge>
    <edge id=":gneJ20_0" function="internal">
        <lane id=":gneJ20_0_0" index="0" speed="6.08" length="7.74" shape="501.60,196.80 501.30,198.90 500.40,200.40 498.90,201.30 496.80,201.60"/>
    </edge>
    <edge id=":gneJ20_1" function="internal">
        <lane id=":gneJ20_1_0" index="0" speed="3.90" length="2.58" shape="496.80,198.40 497.50,198.30 498.00,198.00 498.30,197.50 498.40,196.80"/>
    </edge>
    <edge id=":gneJ21_0" function="internal">
        <lane id=":gneJ21_0_0" index="0" speed="6.51" length="9.03" shape="398.40,7.20 398.05,4.75 397.00,3.00 395.25,1.95 392.80,1.60"/>
    </edge>
    <edge id=":gneJ21_1" function="internal">
        <lane id=":gneJ21_1_0" index="0" speed="13.89" length="14.40" shape="398.40,7.20 398.40,-7.20"/>
    </edge>
    <edge id=":gneJ21_2" function="internal">
        <lane id=":gneJ21_2_0" index="0" speed="8.00" length="5.93" shape="398.40,7.20 398.95,3.35 400.00,1.60"/>
    </edge>
    <edge id=":gneJ21_12" function="internal">
        <lane id=":gneJ21_12_0" index="0" speed="8.00" length="8.26" shape="400.00,1.60 400.60,0.60 403.35,-1.05 407.20,-1.60"/>
    </edge>
    <edge id=":gneJ21_3" function="internal">
        <lane id=":gneJ21_3_0" index="0" speed="6.51" length="9.03" shape="407.20,1.60 404.75,1.95 403.00,3.00 401.95,4.75 401.60,7.20"/>
    </edge>
    <edge id=":gneJ21_4" function="internal">
        <lane id=":gneJ21_4_0" index="0" speed="13.89" length="14.40" shape="407.20,1.60 392.80,1.60"/>
    </edge>
    <edge id=":gneJ21_5" function="internal">
        <lane id=":gneJ21_5_0" index="0" speed="8.00" length="5.93" shape="407.20,1.60 403.35,1.05 401.60,0.00"/>
    </edge>
    <edge id=":gneJ21_13" function="internal">
        <lane id=":gneJ21_13_0" index="0" speed="8.00" length="8.26" shape="401.60,0.00 400.60,-0.60 398.95,-3.35 398.40,-7.20"/>
    </edge>
    <edge id=":gneJ21_6" function="internal">
        <lane id=":gneJ21_6_0" index="0" speed="6.51" length="9.03" shape="401.60,-7.20 401.95,-4.75 403.00,-3.00 404.75,-1.95 407.20,-1.60"/>
    </edge>
    <edge id=":gneJ21_7" function="internal">
        <lane id=":gneJ21_7_0" index="0" speed="13.89" length="14.40" shape="401.60,-7.20 401.60,7.20"/>
    </edge>
    <edge id=":gneJ21_8" function="internal">
        <lane id=":gneJ21_8_0" index="0" speed="8.00" length="5.93" shape="401.60,-7.20 401.05,-3.35 400.00,-1.60"/>
    </edge>
    <edge id=":gneJ21_14" function="internal">
        <lane id=":gneJ21_14_0" index="0" speed="8.00" length="8.26" shape="400.00,-1.60 399.40,-0.60 396.65,1.05 392.80,1.60"/>
    </edge>
    <edge id=":gneJ21_9" function="internal">
        <lane id=":gneJ21_9_0" index="0" speed="6.51" length="9.03" shape="392.80,-1.60 395.25,-1.95 397.00,-3.00 398.05,-4.75 398.40,-7.20"/>
    </edge>
    <edge id=":gneJ21_10" function="internal">
        <lane id=":gneJ21_10_0" index="0" speed="13.89" length="14.40" shape="392.80,-1.60 407.20,-1.60"/>
    </edge>
    <edge id=":gneJ21_11" function="internal">
        <lane id=":gneJ21_11_0" index="0" speed="8.00" length="5.93" shape="392.80,-1.60 396.65,-1.05 398.40,-0.00"/>
    </edge>
    <edge id=":gneJ21_15" function="internal">
        <lane id=":gneJ21_15_0" index="0" speed="8.00" length="8.26" shape="398.40,-0.00 399.40,0.60 401.05,3.35 401.60,7.20"/>
    </edge>
    <edge id=":gneJ22_0" function="internal">
        <lane id=":gneJ22_0_0" index="0" speed="13.89" length="0.10" shape="500.00,1.60 500.00,1.60"/>
    </edge>
    <edge id=":gneJ22_1" function="internal">
        <lane id=":gneJ22_1_0" index="0" speed="13.89" length="0.10" shape="500.00,-1.60 500.00,-1.60"/>
    </edge>
    <edge id=":gneJ24_0" function="internal">
        <lane id=":gneJ24_0_0" index="0" speed="6.25" length="5.33" shape="601.60,198.02 601.43,199.40 600.94,200.58 600.11,201.55 598.95,202.32"/>
    </edge>
    <edge id=":gneJ24_1" function="internal">
        <lane id=":gneJ24_1_0" index="0" speed="4.00" length="1.78" shape="597.52,199.45 597.90,199.20 598.18,198.87 598.34,198.48 598.40,198.02"/>
    </edge>
    <edge id=":gneJ27_0" function="internal">
        <lane id=":gneJ27_0_0" index="0" speed="6.25" length="5.33" shape="498.40,101.98 498.57,100.60 499.06,99.42 499.89,98.45 501.05,97.68"/>
    </edge>
    <edge id=":gneJ27_1" function="internal">
        <lane id=":gneJ27_1_0" index="0" speed="4.00" length="1.78" shape="502.48,100.55 502.10,100.80 501.82,101.13 501.66,101.52 501.60,101.98"/>
    </edge>
    <edge id=":gneJ28_0" function="internal">
        <lane id=":gneJ28_0_0" index="0" speed="6.25" length="5.33" shape="701.60,-1.98 701.43,-0.60 700.94,0.58 700.11,1.55 698.95,2.32"/>
    </edge>
    <edge id=":gneJ28_1" function="internal">
        <lane id=":gneJ28_1_0" index="0" speed="4.00" length="1.78" shape="697.52,-0.55 697.90,-0.80 698.18,-1.13 698.34,-1.52 698.40,-1.98"/>
    </edge>
    <edge id=":gneJ3_0" function="internal">
        <lane id=":gneJ3_0_0" index="0" speed="6.51" length="9.03" shape="198.40,207.20 198.05,204.75 197.00,203.00 195.25,201.95 192.80,201.60"/>
    </edge>
    <edge id=":gneJ3_1" function="internal">
        <lane id=":gneJ3_1_0" index="0" speed="13.89" length="14.40" shape="198.40,207.20 198.40,192.80"/>
    </edge>
    <edge id=":gneJ3_2" function="internal">
        <lane id=":gneJ3_2_0" index="0" speed="8.00" length="5.93" shape="198.40,207.20 198.95,203.35 200.00,201.60"/>
    </edge>
    <edge id=":gneJ3_12" function="internal">
        <lane id=":gneJ3_12_0" index="0" speed="8.00" length="8.26" shape="200.00,201.60 200.60,200.60 203.35,198.95 207.20,198.40"/>
    </edge>
    <edge id=":gneJ3_3" function="internal">
        <lane id=":gneJ3_3_0" index="0" speed="6.51" length="9.03" shape="207.20,201.60 204.75,201.95 203.00,203.00 201.95,204.75 201.60,207.20"/>
    </edge>
    <edge id=":gneJ3_4" function="internal">
        <lane id=":gneJ3_4_0" index="0" speed="13.89" length="14.40" shape="207.20,201.60 192.80,201.60"/>
    </edge>
    <edge id=":gneJ3_5" function="internal">
        <lane id=":gneJ3_5_0" index="0" speed="8.00" length="5.93" shape="207.20,201.60 203.35,201.05 201.60,200.00"/>
    </edge>
    <edge id=":gneJ3_13" function="internal">
        <lane id=":gneJ3_13_0" index="0" speed="8.00" length="8.26" shape="201.60,200.00 200.60,199.40 198.95,196.65 198.40,192.80"/>
    </edge>
    <edge id=":gneJ3_6" function="internal">
        <lane id=":gneJ3_6_0" index="0" speed="6.51" length="9.03" shape="201.60,192.80 201.95,195.25 203.00,197.00 204.75,198.05 207.20,198.40"/>
    </edge>
    <edge id=":gneJ3_7" function="internal">
        <lane id=":gneJ3_7_0" index="0" speed="13.89" length="14.40" shape="201.60,192.80 201.60,207.20"/>
    </edge>
    <edge id=":gneJ3_8" function="internal">
        <lane id=":gneJ3_8_0" index="0" speed="8.00" length="5.93" shape="201.60,192.80 201.05,196.65 200.00,198.40"/>
    </edge>
    <edge id=":gneJ3_14" function="internal">
        <lane id=":gneJ3_14_0" index="0" speed="8.00" length="8.26" shape="200.00,198.40 199.40,199.40 196.65,201.05 192.80,201.60"/>
    </edge>
    <edge id=":gneJ3_9" function="internal">
        <lane id=":gneJ3_9_0" index="0" speed="6.51" length="9.03" shape="192.80,198.40 195.25,198.05 197.00,197.00 198.05,195.25 198.40,192.80"/>
    </edge>
    <edge id=":gneJ3_10" function="internal">
        <lane id=":gneJ3_10_0" index="0" speed="13.89" length="14.40" shape="192.80,198.40 207.20,198.40"/>
    </edge>
    <edge id=":gneJ3_11" function="internal">
        <lane id=":gneJ3_11_0" index="0" speed="8.00" length="5.93" shape="192.80,198.40 196.65,198.95 198.40,200.00"/>
    </edge>
    <edge id=":gneJ3_15" function="internal">
        <lane id=":gneJ3_15_0" index="0" speed="8.00" length="8.26" shape="198.40,200.00 199.40,200.60 201.05,203.35 201.60,207.20"/>
    </edge>
    <edge id=":gneJ30_0" function="internal">
        <lane id=":gneJ30_0_0" index="0" speed="13.89" length="14.40" shape="207.20,401.60 192.80,401.60"/>
    </edge>
    <edge id=":gneJ30_1" function="internal">
        <lane id=":gneJ30_1_0" index="0" speed="8.00" length="5.93" shape="207.20,401.60 203.35,401.05 201.60,400.00"/>
    </edge>
    <edge id=":gneJ30_6" function="internal">
        <lane id=":gneJ30_6_0" index="0" speed="8.00" length="8.26" shape="201.60,400.00 200.60,399.40 198.95,396.65 198.40,392.80"/>
    </edge>
    <edge id=":gneJ30_2" function="internal">
        <lane id=":gneJ30_2_0" index="0" speed="6.51" length="9.03" shape="201.60,392.80 201.95,395.25 203.00,397.00 204.75,398.05 207.20,398.40"/>
    </edge>
    <edge id=":gneJ30_3" function="internal">
        <lane id=":gneJ30_3_0" index="0" speed="8.00" length="14.19" shape="201.60,392.80 201.05,396.65 199.40,399.40 196.65,401.05 192.80,401.60"/>
    </edge>
    <edge id=":gneJ30_4" function="internal">
        <lane id=":gneJ30_4_0" index="0" speed="6.51" length="9.03" shape="192.80,398.40 195.25,398.05 197.00,397.00 198.05,395.25 198.40,392.80"/>
    </edge>
    <edge id=":gneJ30_5" function="internal">
        <lane id=":gneJ30_5_0" index="0" speed="13.89" length="14.40" shape="192.80,398.40 207.20,398.40"/>
    </edge>
    <edge id=":gneJ37_0" function="internal">
        <lane id=":gneJ37_0_0" index="0" speed="6.08" length="7.74" shape="-1.60,-196.80 -1.30,-198.90 -0.40,-200.40 1.10,-201.30 3.20,-201.60"/>
    </edge>
    <edge id=":gneJ37_1" function="internal">
        <lane id=":gneJ37_1_0" index="0" speed="3.90" length="2.58" shape="3.20,-198.40 2.50,-198.30 2.00,-198.00 1.70,-197.50 1.60,-196.80"/>
    </edge>
    <edge id=":gneJ4_0" function="internal">
        <lane id=":gneJ4_0_0" index="0" speed="6.51" length="9.03" shape="198.40,307.20 198.05,304.75 197.00,303.00 195.25,301.95 192.80,301.60"/>
    </edge>
    <edge id=":gneJ4_1" function="internal">
        <lane id=":gneJ4_1_0" index="0" speed="13.89" length="14.40" shape="198.40,307.20 198.40,292.80"/>
    </edge>
    <edge id=":gneJ4_2" function="internal">
        <lane id=":gneJ4_2_0" index="0" speed="13.89" length="14.40" shape="201.60,292.80 201.60,307.20"/>
    </edge>
    <edge id=":gneJ4_3" function="internal">
        <lane id=":gneJ4_3_0" index="0" speed="8.00" length="5.93" shape="201.60,292.80 201.05,296.65 200.00,298.40"/>
    </edge>
    <edge id=":gneJ4_6" function="internal">
        <lane id=":gneJ4_6_0" index="0" speed="8.00" length="8.26" shape="200.00,298.40 199.40,299.40 196.65,301.05 192.80,301.60"/>
    </edge>
    <edge id=":gneJ4_4" function="internal">
        <lane id=":gneJ4_4_0" index="0" speed="6.51" length="9.03" shape="192.80,298.40 195.25,298.05 197.00,297.00 198.05,295.25 198.40,292.80"/>
    </edge>
    <edge id=":gneJ4_5" function="internal">
        <lane id=":gneJ4_5_0" index="0" speed="8.00" length="14.19" shape="192.80,298.40 196.65,298.95 199.40,300.60 201.05,303.35 201.60,307.20"/>
    </edge>
    <edge id=":gneJ5_0" function="internal">
        <lane id=":gneJ5_0_0" index="0" speed="13.89" length="14.40" shape="198.40,107.20 198.40,92.80"/>
    </edge>
    <edge id=":gneJ5_1" function="internal">
        <lane id=":gneJ5_1_0" index="0" speed="8.00" length="5.93" shape="198.40,107.20 198.95,103.35 200.00,101.60"/>
    </edge>
    <edge id=":gneJ5_6" function="internal">
        <lane id=":gneJ5_6_0" index="0" speed="8.00" length="8.26" shape="200.00,101.60 200.60,100.60 203.35,98.95 207.20,98.40"/>
    </edge>
    <edge id=":gneJ5_2" function="internal">
        <lane id=":gneJ5_2_0" index="0" speed="6.51" length="9.03" shape="207.20,101.60 204.75,101.95 203.00,103.00 201.95,104.75 201.60,107.20"/>
    </edge>
    <edge id=":gneJ5_3" function="internal">
        <lane id=":gneJ5_3_0" index="0" speed="8.00" length="14.19" shape="207.20,101.60 203.35,101.05 200.60,99.40 198.95,96.65 198.40,92.80"/>
    </edge>
    <edge id=":gneJ5_4" function="internal">
        <lane id=":gneJ5_4_0" index="0" speed="6.51" length="9.03" shape="201.60,92.80 201.95,95.25 203.00,97.00 204.75,98.05 207.20,98.40"/>
    </edge>
    <edge id=":gneJ5_5" function="internal">
        <lane id=":gneJ5_5_0" index="0" speed="13.89" length="14.40" shape="201.60,92.80 201.60,107.20"/>
    </edge>
    <edge id=":gneJ6_0" function="internal">
        <lane id=":gneJ6_0_0" index="0" speed="13.89" length="0.10" shape="300.00,201.60 300.00,201.60"/>
    </edge>
    <edge id=":gneJ6_1" function="internal">
        <lane id=":gneJ6_1_0" index="0" speed="13.89" length="0.10" shape="300.00,198.40 300.00,198.40"/>
    </edge>
    <edge id=":gneJ7_0" function="internal">
        <lane id=":gneJ7_0_0" index="0" speed="6.51" length="9.03" shape="398.40,207.20 398.05,204.75 397.00,203.00 395.25,201.95 392.80,201.60"/>
    </edge>
    <edge id=":gneJ7_1" function="internal">
        <lane id=":gneJ7_1_0" index="0" speed="13.89" length="14.40" shape="398.40,207.20 398.40,192.80"/>
    </edge>
    <edge id=":gneJ7_2" function="internal">
        <lane id=":gneJ7_2_0" index="0" speed="8.00" length="5.93" shape="398.40,207.20 398.95,203.35 400.00,201.60"/>
    </edge>
    <edge id=":gneJ7_12" function="internal">
        <lane id=":gneJ7_12_0" index="0" speed="8.00" length="8.26" shape="400.00,201.60 400.60,200.60 403.35,198.95 407.20,198.40"/>
    </edge>
    <edge id=":gneJ7_3" function="internal">
        <lane id=":gneJ7_3_0" index="0" speed="6.51" length="9.03" shape="407.20,201.60 404.75,201.95 403.00,203.00 401.95,204.75 401.60,207.20"/>
    </edge>
    <edge id=":gneJ7_4" function="internal">
        <lane id=":gneJ7_4_0" index="0" speed="13.89" length="14.40" shape="407.20,201.60 392.80,201.60"/>
    </edge>
    <edge id=":gneJ7_5" function="internal">
        <lane id=":gneJ7_5_0" index="0" speed="8.00" length="5.93" shape="407.20,201.60 403.35,201.05 401.60,200.00"/>
    </edge>
    <edge id=":gneJ7_13" function="internal">
        <lane id=":gneJ7_13_0" index="0" speed="8.00" length="8.26" shape="401.60,200.00 400.60,199.40 398.95,196.65 398.40,192.80"/>
    </edge>
    <edge id=":gneJ7_6" function="internal">
        <lane id=":gneJ7_6_0" index="0" speed="6.51" length="9.03" shape="401.60,192.80 401.95,195.25 403.00,197.00 404.75,198.05 407.20,198.40"/>
    </edge>
    <edge id=":gneJ7_7" function="internal">
        <lane id=":gneJ7_7_0" index="0" speed="13.89" length="14.40" shape="401.60,192.80 401.60,207.20"/>
    </edge>
    <edge id=":gneJ7_8" function="internal">
        <lane id=":gneJ7_8_0" index="0" speed="8.00" length="5.93" shape="401.60,192.80 401.05,196.65 400.00,198.40"/>
    </edge>
    <edge id=":gneJ7_14" function="internal">
        <lane id=":gneJ7_14_0" index="0" speed="8.00" length="8.26" shape="400.00,198.40 399.40,199.40 396.65,201.05 392.80,201.60"/>
    </edge>
    <edge id=":gneJ7_9" function="internal">
        <lane id=":gneJ7_9_0" index="0" speed="6.51" length="9.03" shape="392.80,198.40 395.25,198.05 397.00,197.00 398.05,195.25 398.40,192.80"/>
    </edge>
    <edge id=":gneJ7_10" function="internal">
        <lane id=":gneJ7_10_0" index="0" speed="13.89" length="14.40" shape="392.80,198.40 407.20,198.40"/>
    </edge>
    <edge id=":gneJ7_11" function="internal">
        <lane id=":gneJ7_11_0" index="0" speed="8.00" length="5.93" shape="392.80,198.40 396.65,198.95 398.40,200.00"/>
    </edge>
    <edge id=":gneJ7_15" function="internal">
        <lane id=":gneJ7_15_0" index="0" speed="8.00" length="8.26" shape="398.40,200.00 399.40,200.60 401.05,203.35 401.60,207.20"/>
    </edge>
    <edge id=":gneJ8_0" function="internal">
        <lane id=":gneJ8_0_0" index="0" speed="6.51" length="9.03" shape="-1.60,107.20 -1.95,104.75 -3.00,103.00 -4.75,101.95 -7.20,101.60"/>
    </edge>
    <edge id=":gneJ8_1" function="internal">
        <lane id=":gneJ8_1_0" index="0" speed="13.89" length="14.40" shape="-1.60,107.20 -1.60,92.80"/>
    </edge>
    <edge id=":gneJ8_2" function="internal">
        <lane id=":gneJ8_2_0" index="0" speed="13.89" length="14.40" shape="1.60,92.80 1.60,107.20"/>
    </edge>
    <edge id=":gneJ8_3" function="internal">
        <lane id=":gneJ8_3_0" index="0" speed="8.00" length="5.93" shape="1.60,92.80 1.05,96.65 -0.00,98.40"/>
    </edge>
    <edge id=":gneJ8_6" function="internal">
        <lane id=":gneJ8_6_0" index="0" speed="8.00" length="8.26" shape="-0.00,98.40 -0.60,99.40 -3.35,101.05 -7.20,101.60"/>
    </edge>
    <edge id=":gneJ8_4" function="internal">
        <lane id=":gneJ8_4_0" index="0" speed="6.51" length="9.03" shape="-7.20,98.40 -4.75,98.05 -3.00,97.00 -1.95,95.25 -1.60,92.80"/>
    </edge>
    <edge id=":gneJ8_5" function="internal">
        <lane id=":gneJ8_5_0" index="0" speed="8.00" length="14.19" shape="-7.20,98.40 -3.35,98.95 -0.60,100.60 1.05,103.35 1.60,107.20"/>
    </edge>
    <edge id=":gneJ9_0" function="internal">
        <lane id=":gneJ9_0_0" index="0" speed="6.08" length="7.74" shape="-1.60,3.20 -1.30,1.10 -0.40,-0.40 1.10,-1.30 3.20,-1.60"/>
    </edge>
    <edge id=":gneJ9_1" function="internal">
        <lane id=":gneJ9_1_0" index="0" speed="3.90" length="2.58" shape="3.20,1.60 2.50,1.70 2.00,2.00 1.70,2.50 1.60,3.20"/>
    </edge>

    <edge id="-gneE0" from="gneJ1" to="gneJ0" priority="-1">
        <lane id="-gneE0_0" index="0" speed="13.89" length="92.80" shape="-7.20,301.60 -100.00,301.60"/>
    </edge>
    <edge id="-gneE1" from="gneJ2" to="gneJ1" priority="-1">
        <lane id="-gneE1_0" index="0" speed="13.89" length="85.60" shape="1.60,207.20 1.60,292.80"/>
    </edge>
    <edge id="-gneE10" from="gneJ10" to="gneJ9" priority="-1">
        <lane id="-gneE10_0" index="0" speed="13.89" length="96.80" shape="100.00,1.60 3.20,1.60"/>
    </edge>
    <edge id="-gneE11" from="gneJ10" to="gneJ11" priority="-1">
        <lane id="-gneE11_0" index="0" speed="13.89" length="92.80" shape="100.00,-1.60 192.80,-1.60"/>
    </edge>
    <edge id="-gneE12" from="gneJ11" to="gneJ5" priority="-1">
        <lane id="-gneE12_0" index="0" speed="13.89" length="85.60" shape="201.60,7.20 201.60,92.80"/>
    </edge>
    <edge id="-gneE13" from="gneJ12" to="gneJ11" priority="-1">
        <lane id="-gneE13_0" index="0" speed="13.89" length="92.80" shape="300.00,1.60 207.20,1.60"/>
    </edge>
    <edge id="-gneE14" from="gneJ13" to="gneJ11" priority="-1">
        <lane id="-gneE14_0" index="0" speed="13.89" length="89.60" shape="201.60,-96.80 201.60,-7.20"/>
    </edge>
    <edge id="-gneE17" from="gneJ15" to="gneJ5" priority="-1">
        <lane id="-gneE17_0" index="0" speed="13.89" length="92.80" shape="300.00,101.60 207.20,101.60"/>
    </edge>
    <edge id="-gneE18" from="gneJ16" to="gneJ15" priority="-1">
        <lane id="-gneE18_0" index="0" speed="13.89" length="92.80" shape="392.80,101.60 300.00,101.60"/>
    </edge>
    <edge id="-gneE19" from="gneJ8" to="gneJ17" priority="-1">
        <lane id="-gneE19_0" index="0" speed="13.89" length="92.80" shape="-7.20,101.60 -100.00,101.60"/>
    </edge>
    <edge id="-gneE2" from="gneJ3" to="gneJ2" priority="-1">
        <lane id="-gneE2_0" index="0" speed="13.89" length="185.60" shape="192.80,201.60 7.20,201.60"/>
    </edge>
    <edge id="-gneE20" from="gneJ2" to="gneJ18" priority="-1">
        <lane id="-gneE20_0" index="0" speed="13.89" length="92.80" shape="-7.20,201.60 -100.00,201.60"/>
    </edge>
    <edge id="-gneE21" from="gneJ7" to="gneJ19" priority="-1">
        <lane id="-gneE21_0" index="0" speed="13.89" length="87.62" shape="401.60,207.20 401.60,294.82"/>
    </edge>
    <edge id="-gneE22" from="gneJ16" to="gneJ7" priority="-1">
        <lane id="-gneE22_0" index="0" speed="13.89" length="85.60" shape="401.60,107.20 401.60,192.80"/>
    </edge>
    <edge id="-gneE23" from="gneJ20" to="gneJ7" priority="-1">
        <lane id="-gneE23_0" index="0" speed="13.89" length="89.60" shape="496.80,201.60 407.20,201.60"/>
    </edge>
    <edge id="-gneE24" from="gneJ21" to="gneJ16" priority="-1">
        <lane id="-gneE24_0" index="0" speed="13.89" length="85.60" shape="401.60,7.20 401.60,92.80"/>
    </edge>
    <edge id="-gneE25" from="gneJ21" to="gneJ12" priority="-1">
        <lane id="-gneE25_0" index="0" speed="13.89" length="92.80" shape="392.80,1.60 300.00,1.60"/>
    </edge>
    <edge id="-gneE26" from="gneJ22" to="gneJ21" priority="-1">
        <lane id="-gneE26_0" index="0" speed="13.89" length="92.80" shape="500.00,1.60 407.20,1.60"/>
    </edge>
    <edge id="-gneE27" from="gneJ23" to="gneJ21" priority="-1">
        <lane id="-gneE27_0" index="0" speed="13.89" length="92.80" shape="401.60,-100.00 401.60,-7.20"/>
    </edge>
    <edge id="-gneE28" from="gneJ24" to="gneJ19" priority="-1">
        <lane id="-gneE28_0" index="0" speed="13.89" length="216.45" shape="598.95,202.32 405.35,299.12"/>
    </edge>
    <edge id="-gneE29" from="gneJ25" to="gneJ24" priority="-1">
        <lane id="-gneE29_0" index="0" speed="13.89" length="98.02" shape="601.60,100.00 601.60,198.02"/>
    </edge>
    <edge id="-gneE3" from="gneJ4" to="gneJ1" priority="-1">
        <lane id="-gneE3_0" index="0" speed="13.89" length="185.60" shape="192.80,301.60 7.20,301.60"/>
    </edge>
    <edge id="-gneE30" from="gneJ26" to="gneJ22" priority="-1">
        <lane id="-gneE30_0" index="0" speed="13.89" length="100.00" shape="600.00,1.60 500.00,1.60"/>
    </edge>
    <edge id="-gneE31" from="gneJ27" to="gneJ20" priority="-1">
        <lane id="-gneE31_0" index="0" speed="13.89" length="94.82" shape="501.60,101.98 501.60,196.80"/>
    </edge>
    <edge id="-gneE32" from="gneJ28" to="gneJ27" priority="-1">
        <lane id="-gneE32_0" index="0" speed="13.89" length="219.65" shape="698.95,2.32 502.48,100.55"/>
    </edge>
    <edge id="-gneE33" from="gneJ29" to="gneJ28" priority="-1">
        <lane id="-gneE33_0" index="0" speed="13.89" length="98.02" shape="701.60,-100.00 701.60,-1.98"/>
    </edge>
    <edge id="-gneE34" from="gneJ30" to="gneJ4" priority="-1">
        <lane id="-gneE34_0" index="0" speed="13.89" length="85.60" shape="198.40,392.80 198.40,307.20"/>
    </edge>
    <edge id="-gneE35" from="gneJ30" to="gneJ31" priority="-1">
        <lane id="-gneE35_0" index="0" speed="13.89" length="292.80" shape="192.80,401.60 -100.00,401.60"/>
    </edge>
    <edge id="-gneE36" from="gneJ32" to="gneJ30" priority="-1">
        <lane id="-gneE36_0" index="0" speed="13.89" length="292.80" shape="500.00,401.60 207.20,401.60"/>
    </edge>
    <edge id="-gneE37" from="gneJ34" to="gneJ33" priority="-1">
        <lane id="-gneE37_0" index="0" speed="13.89" length="100.00" shape="301.60,300.00 301.60,400.00"/>
    </edge>
    <edge id="-gneE38" from="gneJ13" to="gneJ35" priority="-1">
        <lane id="-gneE38_0" index="0" speed="13.89" length="296.80" shape="196.80,-98.40 -100.00,-98.40"/>
    </edge>
    <edge id="-gneE39" from="gneJ37" to="gneJ36" priority="-1">
        <lane id="-gneE39_0" index="0" speed="13.89" length="96.80" shape="1.60,-196.80 1.60,-100.00"/>
    </edge>
    <edge id="-gneE4" from="gneJ3" to="gneJ4" priority="-1">
        <lane id="-gneE4_0" index="0" speed="13.89" length="85.60" shape="201.60,207.20 201.60,292.80"/>
    </edge>
    <edge id="-gneE40" from="gneJ38" to="gneJ37" priority="-1">
        <lane id="-gneE40_0" index="0" speed="13.89" length="796.80" shape="800.00,-198.40 3.20,-198.40"/>
    </edge>
    <edge id="-gneE5" from="gneJ5" to="gneJ3" priority="-1">
        <lane id="-gneE5_0" index="0" speed="13.89" length="85.60" shape="201.60,107.20 201.60,192.80"/>
    </edge>
    <edge id="-gneE6" from="gneJ6" to="gneJ3" priority="-1">
        <lane id="-gneE6_0" index="0" speed="13.89" length="92.80" shape="300.00,201.60 207.20,201.60"/>
    </edge>
    <edge id="-gneE7" from="gneJ7" to="gneJ6" priority="-1">
        <lane id="-gneE7_0" index="0" speed="13.89" length="92.80" shape="392.80,201.60 300.00,201.60"/>
    </edge>
    <edge id="-gneE8" from="gneJ8" to="gneJ2" priority="-1">
        <lane id="-gneE8_0" index="0" speed="13.89" length="85.60" shape="1.60,107.20 1.60,192.80"/>
    </edge>
    <edge id="-gneE9" from="gneJ8" to="gneJ9" priority="-1">
        <lane id="-gneE9_0" index="0" speed="13.89" length="89.60" shape="-1.60,92.80 -1.60,3.20"/>
    </edge>
    <edge id="gneE0" from="gneJ0" to="gneJ1" priority="-1">
        <lane id="gneE0_0" index="0" speed="13.89" length="92.80" shape="-100.00,298.40 -7.20,298.40"/>
    </edge>
    <edge id="gneE1" from="gneJ1" to="gneJ2" priority="-1">
        <lane id="gneE1_0" index="0" speed="13.89" length="85.60" shape="-1.60,292.80 -1.60,207.20"/>
    </edge>
    <edge id="gneE10" from="gneJ9" to="gneJ10" priority="-1">
        <lane id="gneE10_0" index="0" speed="13.89" length="96.80" shape="3.20,-1.60 100.00,-1.60"/>
    </edge>
    <edge id="gneE11" from="gneJ11" to="gneJ10" priority="-1">
        <lane id="gneE11_0" index="0" speed="13.89" length="92.80" shape="192.80,1.60 100.00,1.60"/>
    </edge>
    <edge id="gneE12" from="gneJ5" to="gneJ11" priority="-1">
        <lane id="gneE12_0" index="0" speed="13.89" length="85.60" shape="198.40,92.80 198.40,7.20"/>
    </edge>
    <edge id="gneE13" from="gneJ11" to="gneJ12" priority="-1">
        <lane id="gneE13_0" index="0" speed="13.89" length="92.80" shape="207.20,-1.60 300.00,-1.60"/>
    </edge>
    <edge id="gneE14" from="gneJ11" to="gneJ13" priority="-1">
        <lane id="gneE14_0" index="0" speed="13.89" length="89.60" shape="198.40,-7.20 198.40,-96.80"/>
    </edge>
    <edge id="gneE17" from="gneJ5" to="gneJ15" priority="-1">
        <lane id="gneE17_0" index="0" speed="13.89" length="92.80" shape="207.20,98.40 300.00,98.40"/>
    </edge>
    <edge id="gneE18" from="gneJ15" to="gneJ16" priority="-1">
        <lane id="gneE18_0" index="0" speed="13.89" length="92.80" shape="300.00,98.40 392.80,98.40"/>
    </edge>
    <edge id="gneE19" from="gneJ17" to="gneJ8" priority="-1">
        <lane id="gneE19_0" index="0" speed="13.89" length="92.80" shape="-100.00,98.40 -7.20,98.40"/>
    </edge>
    <edge id="gneE2" from="gneJ2" to="gneJ3" priority="-1">
        <lane id="gneE2_0" index="0" speed="13.89" length="185.60" shape="7.20,198.40 192.80,198.40"/>
    </edge>
    <edge id="gneE20" from="gneJ18" to="gneJ2" priority="-1">
        <lane id="gneE20_0" index="0" speed="13.89" length="92.80" shape="-100.00,198.40 -7.20,198.40"/>
    </edge>
    <edge id="gneE21" from="gneJ19" to="gneJ7" priority="-1">
        <lane id="gneE21_0" index="0" speed="13.89" length="87.62" shape="398.40,294.82 398.40,207.20"/>
    </edge>
    <edge id="gneE22" from="gneJ7" to="gneJ16" priority="-1">
        <lane id="gneE22_0" index="0" speed="13.89" length="85.60" shape="398.40,192.80 398.40,107.20"/>
    </edge>
    <edge id="gneE23" from="gneJ7" to="gneJ20" priority="-1">
        <lane id="gneE23_0" index="0" speed="13.89" length="89.60" shape="407.20,198.40 496.80,198.40"/>
    </edge>
    <edge id="gneE24" from="gneJ16" to="gneJ21" priority="-1">
        <lane id="gneE24_0" index="0" speed="13.89" length="85.60" shape="398.40,92.80 398.40,7.20"/>
    </edge>
    <edge id="gneE25" from="gneJ12" to="gneJ21" priority="-1">
        <lane id="gneE25_0" index="0" speed="13.89" length="92.80" shape="300.00,-1.60 392.80,-1.60"/>
    </edge>
    <edge id="gneE26" from="gneJ21" to="gneJ22" priority="-1">
        <lane id="gneE26_0" index="0" speed="13.89" length="92.80" shape="407.20,-1.60 500.00,-1.60"/>
    </edge>
    <edge id="gneE27" from="gneJ21" to="gneJ23" priority="-1">
        <lane id="gneE27_0" index="0" speed="13.89" length="92.80" shape="398.40,-7.20 398.40,-100.00"/>
    </edge>
    <edge id="gneE28" from="gneJ19" to="gneJ24" priority="-1">
        <lane id="gneE28_0" index="0" speed="13.89" length="216.45" shape="403.92,296.25 597.52,199.45"/>
    </edge>
    <edge id="gneE29" from="gneJ24" to="gneJ25" priority="-1">
        <lane id="gneE29_0" index="0" speed="13.89" length="98.02" shape="598.40,198.02 598.40,100.00"/>
    </edge>
    <edge id="gneE3" from="gneJ1" to="gneJ4" priority="-1">
        <lane id="gneE3_0" index="0" speed="13.89" length="185.60" shape="7.20,298.40 192.80,298.40"/>
    </edge>
    <edge id="gneE30" from="gneJ22" to="gneJ26" priority="-1">
        <lane id="gneE30_0" index="0" speed="13.89" length="100.00" shape="500.00,-1.60 600.00,-1.60"/>
    </edge>
    <edge id="gneE31" from="gneJ20" to="gneJ27" priority="-1">
        <lane id="gneE31_0" index="0" speed="13.89" length="94.82" shape="498.40,196.80 498.40,101.98"/>
    </edge>
    <edge id="gneE32" from="gneJ27" to="gneJ28" priority="-1">
        <lane id="gneE32_0" index="0" speed="13.89" length="219.65" shape="501.05,97.68 697.52,-0.55"/>
    </edge>
    <edge id="gneE33" from="gneJ28" to="gneJ29" priority="-1">
        <lane id="gneE33_0" index="0" speed="13.89" length="98.02" shape="698.40,-1.98 698.40,-100.00"/>
    </edge>
    <edge id="gneE34" from="gneJ4" to="gneJ30" priority="-1">
        <lane id="gneE34_0" index="0" speed="13.89" length="85.60" shape="201.60,307.20 201.60,392.80"/>
    </edge>
    <edge id="gneE35" from="gneJ31" to="gneJ30" priority="-1">
        <lane id="gneE35_0" index="0" speed="13.89" length="292.80" shape="-100.00,398.40 192.80,398.40"/>
    </edge>
    <edge id="gneE36" from="gneJ30" to="gneJ32" priority="-1">
        <lane id="gneE36_0" index="0" speed="13.89" length="292.80" shape="207.20,398.40 500.00,398.40"/>
    </edge>
    <edge id="gneE37" from="gneJ33" to="gneJ34" priority="-1">
        <lane id="gneE37_0" index="0" speed="13.89" length="100.00" shape="298.40,400.00 298.40,300.00"/>
    </edge>
    <edge id="gneE38" from="gneJ35" to="gneJ13" priority="-1">
        <lane id="gneE38_0" index="0" speed="13.89" length="296.80" shape="-100.00,-101.60 196.80,-101.60"/>
    </edge>
    <edge id="gneE39" from="gneJ36" to="gneJ37" priority="-1">
        <lane id="gneE39_0" index="0" speed="13.89" length="96.80" shape="-1.60,-100.00 -1.60,-196.80"/>
    </edge>
    <edge id="gneE4" from="gneJ4" to="gneJ3" priority="-1">
        <lane id="gneE4_0" index="0" speed="13.89" length="85.60" shape="198.40,292.80 198.40,207.20"/>
    </edge>
    <edge id="gneE40" from="gneJ37" to="gneJ38" priority="-1">
        <lane id="gneE40_0" index="0" speed="13.89" length="796.80" shape="3.20,-201.60 800.00,-201.60"/>
    </edge>
    <edge id="gneE5" from="gneJ3" to="gneJ5" priority="-1">
        <lane id="gneE5_0" index="0" speed="13.89" length="85.60" shape="198.40,192.80 198.40,107.20"/>
    </edge>
    <edge id="gneE6" from="gneJ3" to="gneJ6" priority="-1">
        <lane id="gneE6_0" index="0" speed="13.89" length="92.80" shape="207.20,198.40 300.00,198.40"/>
    </edge>
    <edge id="gneE7" from="gneJ6" to="gneJ7" priority="-1">
        <lane id="gneE7_0" index="0" speed="13.89" length="92.80" shape="300.00,198.40 392.80,198.40"/>
    </edge>
    <edge id="gneE8" from="gneJ2" to="gneJ8" priority="-1">
        <lane id="gneE8_0" index="0" speed="13.89" length="85.60" shape="-1.60,192.80 -1.60,107.20"/>
    </edge>
    <edge id="gneE9" from="gneJ9" to="gneJ8" priority="-1">
        <lane id="gneE9_0" index="0" speed="13.89" length="89.60" shape="1.60,3.20 1.60,92.80"/>
    </edge>

    <tlLogic id="gneJ11" type="static" programID="0" offset="0">
        <phase duration="42" state="GGgrrrGGgrrr"/>
        <phase duration="3"  state="yyyrrryyyrrr"/>
        <phase duration="42" state="rrrGGgrrrGGg"/>
        <phase duration="3"  state="rrryyyrrryyy"/>
    </tlLogic>
    <tlLogic id="gneJ2" type="static" programID="0" offset="0">
        <phase duration="42" state="GGgrrrGGgrrr"/>
        <phase duration="3"  state="yyyrrryyyrrr"/>
        <phase duration="42" state="rrrGGgrrrGGg"/>
        <phase duration="3"  state="rrryyyrrryyy"/>
    </tlLogic>
    <tlLogic id="gneJ21" type="static" programID="0" offset="0">
        <phase duration="42" state="GGgrrrGGgrrr"/>
        <phase duration="3"  state="yyyrrryyyrrr"/>
        <phase duration="42" state="rrrGGgrrrGGg"/>
        <phase duration="3"  state="rrryyyrrryyy"/>
    </tlLogic>
    <tlLogic id="gneJ3" type="static" programID="0" offset="0">
        <phase duration="42" state="GGgrrrGGgrrr"/>
        <phase duration="3"  state="yyyrrryyyrrr"/>
        <phase duration="42" state="rrrGGgrrrGGg"/>
        <phase duration="3"  state="rrryyyrrryyy"/>
    </tlLogic>
    <tlLogic id="gneJ7" type="static" programID="0" offset="0">
        <phase duration="42" state="GGgrrrGGgrrr"/>
        <phase duration="3"  state="yyyrrryyyrrr"/>
        <phase duration="42" state="rrrGGgrrrGGg"/>
        <phase duration="3"  state="rrryyyrrryyy"/>
    </tlLogic>

    <junction id="gneJ0" type="dead_end" x="-100.00" y="300.00" incLanes="-gneE0_0" intLanes="" shape="-100.00,300.00 -100.00,303.20 -100.00,300.00"/>
    <junction id="gneJ1" type="priority" x="0.00" y="300.00" incLanes="-gneE3_0 -gneE1_0 gneE0_0" intLanes=":gneJ1_0_0 :gneJ1_6_0 :gneJ1_2_0 :gneJ1_3_0 :gneJ1_4_0 :gneJ1_5_0" shape="7.20,303.20 7.20,296.80 4.98,296.36 4.20,295.80 3.64,295.02 3.31,294.02 3.20,292.80 -3.20,292.80 -3.64,295.02 -4.20,295.80 -4.98,296.36 -5.98,296.69 -7.20,296.80 -7.20,303.20">
        <request index="0" response="000000" foes="001000" cont="0"/>
        <request index="1" response="110000" foes="111000" cont="1"/>
        <request index="2" response="100000" foes="100000" cont="0"/>
        <request index="3" response="100011" foes="100011" cont="0"/>
        <request index="4" response="000000" foes="000010" cont="0"/>
        <request index="5" response="000000" foes="001110" cont="0"/>
    </junction>
    <junction id="gneJ10" type="priority" x="100.00" y="0.00" incLanes="gneE11_0 gneE10_0" intLanes=":gneJ10_0_0 :gneJ10_1_0" shape="100.00,3.20 100.00,-3.20 100.00,3.20">
        <request index="0" response="00" foes="00" cont="0"/>
        <request index="1" response="00" foes="00" cont="0"/>
    </junction>
    <junction id="gneJ11" type="traffic_light" x="200.00" y="0.00" incLanes="gneE12_0 -gneE13_0 -gneE14_0 -gneE11_0" intLanes=":gneJ11_0_0 :gneJ11_1_0 :gneJ11_12_0 :gneJ11_3_0 :gneJ11_4_0 :gneJ11_13_0 :gneJ11_6_0 :gneJ11_7_0 :gneJ11_14_0 :gneJ11_9_0 :gneJ11_10_0 :gneJ11_15_0" shape="196.80,7.20 203.20,7.20 203.64,4.98 204.20,4.20 204.98,3.64 205.98,3.31 207.20,3.20 207.20,-3.20 204.98,-3.64 204.20,-4.20 203.64,-4.98 203.31,-5.98 203.20,-7.20 196.80,-7.20 196.36,-4.98 195.80,-4.20 195.02,-3.64 194.02,-3.31 192.80,-3.20 192.80,3.20 195.02,3.64 195.80,4.20 196.36,4.98 196.69,5.98">
        <request index="0"  response="000000000000" foes="000100010000" cont="0"/>
        <request index="1"  response="100000100000" foes="111100110000" cont="0"/>
        <request index="2"  response="100011100000" foes="110011110000" cont="1"/>
        <request index="3"  response="000010000000" foes="100010000000" cont="0"/>
        <request index="4"  response="000110000111" foes="100110000111" cont="0"/>
        <request index="5"  response="011110000110" foes="011110000110" cont="1"/>
        <request index="6"  response="000000000000" foes="010000000100" cont="0"/>
        <request index="7"  response="100000100000" foes="110000111100" cont="0"/>
        <request index="8"  response="100000100011" foes="110000110011" cont="1"/>
        <request index="9"  response="000000000010" foes="000000100010" cont="0"/>
        <request index="10" response="000111000110" foes="000111100110" cont="0"/>
        <request index="11" response="000110011110" foes="000110011110" cont="1"/>
    </junction>
    <junction id="gneJ12" type="priority" x="300.00" y="0.00" incLanes="-gneE25_0 gneE13_0" intLanes=":gneJ12_0_0 :gneJ12_1_0" shape="300.00,3.20 300.00,-3.20 300.00,3.20">
        <request index="0" response="00" foes="00" cont="0"/>
        <request index="1" response="00" foes="00" cont="0"/>
    </junction>
    <junction id="gneJ13" type="priority" x="200.00" y="-100.00" incLanes="gneE14_0 gneE38_0" intLanes=":gneJ13_0_0 :gneJ13_1_0" shape="196.80,-96.80 203.20,-96.80 202.49,-100.36 201.60,-101.60 200.36,-102.49 198.76,-103.02 196.80,-103.20">
        <request index="0" response="00" foes="00" cont="0"/>
        <request index="1" response="00" foes="00" cont="0"/>
    </junction>
    <junction id="gneJ15" type="priority" x="300.00" y="100.00" incLanes="-gneE18_0 gneE17_0" intLanes=":gneJ15_0_0 :gneJ15_1_0" shape="300.00,103.20 300.00,96.80 300.00,103.20">
        <request index="0" response="00" foes="00" cont="0"/>
        <request index="1" response="00" foes="00" cont="0"/>
    </junction>
    <junction id="gneJ16" type="priority" x="400.00" y="100.00" incLanes="gneE22_0 -gneE24_0 gneE18_0" intLanes=":gneJ16_0_0 :gneJ16_1_0 :gneJ16_2_0 :gneJ16_6_0 :gneJ16_4_0 :gneJ16_5_0" shape="396.80,107.20 403.20,107.20 403.20,92.80 396.80,92.80 396.36,95.02 395.80,95.80 395.02,96.36 394.02,96.69 392.80,96.80 392.80,103.20 395.02,103.64 395.80,104.20 396.36,104.98 396.69,105.98">
        <request index="0" response="000000" foes="001000" cont="0"/>
        <request index="1" response="000000" foes="111000" cont="0"/>
        <request index="2" response="000000" foes="100000" cont="0"/>
        <request index="3" response="000011" foes="100011" cont="1"/>
        <request index="4" response="000010" foes="000010" cont="0"/>
        <request index="5" response="001110" foes="001110" cont="0"/>
    </junction>
    <junction id="gneJ17" type="dead_end" x="-100.00" y="100.00" incLanes="-gneE19_0" intLanes="" shape="-100.00,100.00 -100.00,103.20 -100.00,100.00"/>
    <junction id="gneJ18" type="dead_end" x="-100.00" y="200.00" incLanes="-gneE20_0" intLanes="" shape="-100.00,200.00 -100.00,203.20 -100.00,200.00"/>
    <junction id="gneJ19" type="priority" x="400.00" y="300.00" incLanes="-gneE28_0 -gneE21_0" intLanes=":gneJ19_0_0 :gneJ19_1_0" shape="406.06,300.55 403.20,294.82 396.80,294.82 397.06,297.86 397.83,300.06 399.12,301.43 400.92,301.97 403.23,301.67">
        <request index="0" response="00" foes="00" cont="0"/>
        <request index="1" response="00" foes="00" cont="0"/>
    </junction>
    <junction id="gneJ2" type="traffic_light" x="0.00" y="200.00" incLanes="gneE1_0 -gneE2_0 -gneE8_0 gneE20_0" intLanes=":gneJ2_0_0 :gneJ2_1_0 :gneJ2_12_0 :gneJ2_3_0 :gneJ2_4_0 :gneJ2_13_0 :gneJ2_6_0 :gneJ2_7_0 :gneJ2_14_0 :gneJ2_9_0 :gneJ2_10_0 :gneJ2_15_0" shape="-3.20,207.20 3.20,207.20 3.64,204.98 4.20,204.20 4.98,203.64 5.98,203.31 7.20,203.20 7.20,196.80 4.98,196.36 4.20,195.80 3.64,195.02 3.31,194.02 3.20,192.80 -3.20,192.80 -3.64,195.02 -4.20,195.80 -4.98,196.36 -5.98,196.69 -7.20,196.80 -7.20,203.20 -4.98,203.64 -4.20,204.20 -3.64,204.98 -3.31,205.98">
        <request index="0"  response="000000000000" foes="000100010000" cont="0"/>
        <request index="1"  response="100000100000" foes="111100110000" cont="0"/>
        <request index="2"  response="100011100000" foes="110011110000" cont="1"/>
        <request index="3"  response="000010000000" foes="100010000000" cont="0"/>
        <request index="4"  response="000110000111" foes="100110000111" cont="0"/>
        <request index="5"  response="011110000110" foes="011110000110" cont="1"/>
        <request index="6"  response="000000000000" foes="010000000100" cont="0"/>
        <request index="7"  response="100000100000" foes="110000111100" cont="0"/>
        <request index="8"  response="100000100011" foes="110000110011" cont="1"/>
        <request index="9"  response="000000000010" foes="000000100010" cont="0"/>
        <request index="10" response="000111000110" foes="000111100110" cont="0"/>
        <request index="11" response="000110011110" foes="000110011110" cont="1"/>
    </junction>
    <junction id="gneJ20" type="priority" x="500.00" y="200.00" incLanes="-gneE31_0 gneE23_0" intLanes=":gneJ20_0_0 :gneJ20_1_0" shape="503.20,196.80 496.80,196.80 496.80,203.20 500.36,202.49 501.60,201.60 502.49,200.36 503.02,198.76">
        <request index="0" response="00" foes="00" cont="0"/>
        <request index="1" response="00" foes="00" cont="0"/>
    </junction>
    <junction id="gneJ21" type="traffic_light" x="400.00" y="0.00" incLanes="gneE24_0 -gneE26_0 -gneE27_0 gneE25_0" intLanes=":gneJ21_0_0 :gneJ21_1_0 :gneJ21_12_0 :gneJ21_3_0 :gneJ21_4_0 :gneJ21_13_0 :gneJ21_6_0 :gneJ21_7_0 :gneJ21_14_0 :gneJ21_9_0 :gneJ21_10_0 :gneJ21_15_0" shape="396.80,7.20 403.20,7.20 403.64,4.98 404.20,4.20 404.98,3.64 405.98,3.31 407.20,3.20 407.20,-3.20 404.98,-3.64 404.20,-4.20 403.64,-4.98 403.31,-5.98 403.20,-7.20 396.80,-7.20 396.36,-4.98 395.80,-4.20 395.02,-3.64 394.02,-3.31 392.80,-3.20 392.80,3.20 395.02,3.64 395.80,4.20 396.36,4.98 396.69,5.98">
        <request index="0"  response="000000000000" foes="000100010000" cont="0"/>
        <request index="1"  response="100000100000" foes="111100110000" cont="0"/>
        <request index="2"  response="100011100000" foes="110011110000" cont="1"/>
        <request index="3"  response="000010000000" foes="100010000000" cont="0"/>
        <request index="4"  response="000110000111" foes="100110000111" cont="0"/>
        <request index="5"  response="011110000110" foes="011110000110" cont="1"/>
        <request index="6"  response="000000000000" foes="010000000100" cont="0"/>
        <request index="7"  response="100000100000" foes="110000111100" cont="0"/>
        <request index="8"  response="100000100011" foes="110000110011" cont="1"/>
        <request index="9"  response="000000000010" foes="000000100010" cont="0"/>
        <request index="10" response="000111000110" foes="000111100110" cont="0"/>
        <request index="11" response="000110011110" foes="000110011110" cont="1"/>
    </junction>
    <junction id="gneJ22" type="priority" x="500.00" y="0.00" incLanes="-gneE30_0 gneE26_0" intLanes=":gneJ22_0_0 :gneJ22_1_0" shape="500.00,3.20 500.00,-3.20 500.00,3.20">
        <request index="0" response="00" foes="00" cont="0"/>
        <request index="1" response="00" foes="00" cont="0"/>
    </junction>
    <junction id="gneJ23" type="dead_end" x="400.00" y="-100.00" incLanes="gneE27_0" intLanes="" shape="400.00,-100.00 396.80,-100.00 400.00,-100.00"/>
    <junction id="gneJ24" type="priority" x="600.00" y="200.00" incLanes="-gneE29_0 gneE28_0" intLanes=":gneJ24_0_0 :gneJ24_1_0" shape="603.20,198.02 596.80,198.02 599.66,203.75 601.63,202.32 602.32,201.43 602.81,200.42 603.10,199.28">
        <request index="0" response="00" foes="00" cont="0"/>
        <request index="1" response="00" foes="00" cont="0"/>
    </junction>
    <junction id="gneJ25" type="dead_end" x="600.00" y="100.00" incLanes="gneE29_0" intLanes="" shape="600.00,100.00 596.80,100.00 600.00,100.00"/>
    <junction id="gneJ26" type="dead_end" x="600.00" y="0.00" incLanes="gneE30_0" intLanes="" shape="600.00,0.00 600.00,-3.20 600.00,0.00"/>
    <junction id="gneJ27" type="priority" x="500.00" y="100.00" incLanes="gneE31_0 -gneE32_0" intLanes=":gneJ27_0_0 :gneJ27_1_0" shape="496.80,101.98 503.20,101.98 500.34,96.25 498.37,97.68 497.68,98.57 497.19,99.58 496.90,100.72">
        <request index="0" response="00" foes="00" cont="0"/>
        <request index="1" response="00" foes="00" cont="0"/>
    </junction>
    <junction id="gneJ28" type="priority" x="700.00" y="0.00" incLanes="-gneE33_0 gneE32_0" intLanes=":gneJ28_0_0 :gneJ28_1_0" shape="703.20,-1.98 696.80,-1.98 699.66,3.75 701.63,2.32 702.32,1.43 702.81,0.42 703.10,-0.72">
        <request index="0" response="00" foes="00" cont="0"/>
        <request index="1" response="00" foes="00" cont="0"/>
    </junction>
    <junction id="gneJ29" type="dead_end" x="700.00" y="-100.00" incLanes="gneE33_0" intLanes="" shape="700.00,-100.00 696.80,-100.00 700.00,-100.00"/>
    <junction id="gneJ3" type="traffic_light" x="200.00" y="200.00" incLanes="gneE4_0 -gneE6_0 -gneE5_0 gneE2_0" intLanes=":gneJ3_0_0 :gneJ3_1_0 :gneJ3_12_0 :gneJ3_3_0 :gneJ3_4_0 :gneJ3_13_0 :gneJ3_6_0 :gneJ3_7_0 :gneJ3_14_0 :gneJ3_9_0 :gneJ3_10_0 :gneJ3_15_0" shape="196.80,207.20 203.20,207.20 203.64,204.98 204.20,204.20 204.98,203.64 205.98,203.31 207.20,203.20 207.20,196.80 204.98,196.36 204.20,195.80 203.64,195.02 203.31,194.02 203.20,192.80 196.80,192.80 196.36,195.02 195.80,195.80 195.02,196.36 194.02,196.69 192.80,196.80 192.80,203.20 195.02,203.64 195.80,204.20 196.36,204.98 196.69,205.98">
        <request index="0"  response="000000000000" foes="000100010000" cont="0"/>
        <request index="1"  response="100000100000" foes="111100110000" cont="0"/>
        <request index="2"  response="100011100000" foes="110011110000" cont="1"/>
        <request index="3"  response="000010000000" foes="100010000000" cont="0"/>
        <request index="4"  response="000110000111" foes="100110000111" cont="0"/>
        <request index="5"  response="011110000110" foes="011110000110" cont="1"/>
        <request index="6"  response="000000000000" foes="010000000100" cont="0"/>
        <request index="7"  response="100000100000" foes="110000111100" cont="0"/>
        <request index="8"  response="100000100011" foes="110000110011" cont="1"/>
        <request index="9"  response="000000000010" foes="000000100010" cont="0"/>
        <request index="10" response="000111000110" foes="000111100110" cont="0"/>
        <request index="11" response="000110011110" foes="000110011110" cont="1"/>
    </junction>
    <junction id="gneJ30" type="priority" x="200.00" y="400.00" incLanes="-gneE36_0 gneE34_0 gneE35_0" intLanes=":gneJ30_0_0 :gneJ30_6_0 :gneJ30_2_0 :gneJ30_3_0 :gneJ30_4_0 :gneJ30_5_0" shape="207.20,403.20 207.20,396.80 204.98,396.36 204.20,395.80 203.64,395.02 203.31,394.02 203.20,392.80 196.80,392.80 196.36,395.02 195.80,395.80 195.02,396.36 194.02,396.69 192.80,396.80 192.80,403.20">
        <request index="0" response="000000" foes="001000" cont="0"/>
        <request index="1" response="110000" foes="111000" cont="1"/>
        <request index="2" response="100000" foes="100000" cont="0"/>
        <request index="3" response="100011" foes="100011" cont="0"/>
        <request index="4" response="000000" foes="000010" cont="0"/>
        <request index="5" response="000000" foes="001110" cont="0"/>
    </junction>
    <junction id="gneJ31" type="dead_end" x="-100.00" y="400.00" incLanes="-gneE35_0" intLanes="" shape="-100.00,400.00 -100.00,403.20 -100.00,400.00"/>
    <junction id="gneJ32" type="dead_end" x="500.00" y="400.00" incLanes="gneE36_0" intLanes="" shape="500.00,400.00 500.00,396.80 500.00,400.00"/>
    <junction id="gneJ33" type="dead_end" x="300.00" y="400.00" incLanes="-gneE37_0" intLanes="" shape="300.00,400.00 303.20,400.00 300.00,400.00"/>
    <junction id="gneJ34" type="dead_end" x="300.00" y="300.00" incLanes="gneE37_0" intLanes="" shape="300.00,300.00 296.80,300.00 300.00,300.00"/>
    <junction id="gneJ35" type="dead_end" x="-100.00" y="-100.00" incLanes="-gneE38_0" intLanes="" shape="-100.00,-100.00 -100.00,-96.80 -100.00,-100.00"/>
    <junction id="gneJ36" type="dead_end" x="0.00" y="-100.00" incLanes="-gneE39_0" intLanes="" shape="0.00,-100.00 3.20,-100.00 0.00,-100.00"/>
    <junction id="gneJ37" type="priority" x="0.00" y="-200.00" incLanes="gneE39_0 -gneE40_0" intLanes=":gneJ37_0_0 :gneJ37_1_0" shape="-3.20,-196.80 3.20,-196.80 3.20,-203.20 -0.36,-202.49 -1.60,-201.60 -2.49,-200.36 -3.02,-198.76">
        <request index="0" response="00" foes="00" cont="0"/>
        <request index="1" response="00" foes="00" cont="0"/>
    </junction>
    <junction id="gneJ38" type="dead_end" x="800.00" y="-200.00" incLanes="gneE40_0" intLanes="" shape="800.00,-200.00 800.00,-203.20 800.00,-200.00"/>
    <junction id="gneJ4" type="priority" x="200.00" y="300.00" incLanes="-gneE34_0 -gneE4_0 gneE3_0" intLanes=":gneJ4_0_0 :gneJ4_1_0 :gneJ4_2_0 :gneJ4_6_0 :gneJ4_4_0 :gneJ4_5_0" shape="196.80,307.20 203.20,307.20 203.20,292.80 196.80,292.80 196.36,295.02 195.80,295.80 195.02,296.36 194.02,296.69 192.80,296.80 192.80,303.20 195.02,303.64 195.80,304.20 196.36,304.98 196.69,305.98">
        <request index="0" response="000000" foes="001000" cont="0"/>
        <request index="1" response="000000" foes="111000" cont="0"/>
        <request index="2" response="000000" foes="100000" cont="0"/>
        <request index="3" response="000011" foes="100011" cont="1"/>
        <request index="4" response="000010" foes="000010" cont="0"/>
        <request index="5" response="001110" foes="001110" cont="0"/>
    </junction>
    <junction id="gneJ5" type="priority" x="200.00" y="100.00" incLanes="gneE5_0 -gneE17_0 -gneE12_0" intLanes=":gneJ5_0_0 :gneJ5_6_0 :gneJ5_2_0 :gneJ5_3_0 :gneJ5_4_0 :gneJ5_5_0" shape="196.80,107.20 203.20,107.20 203.64,104.98 204.20,104.20 204.98,103.64 205.98,103.31 207.20,103.20 207.20,96.80 204.98,96.36 204.20,95.80 203.64,95.02 203.31,94.02 203.20,92.80 196.80,92.80">
        <request index="0" response="000000" foes="001000" cont="0"/>
        <request index="1" response="110000" foes="111000" cont="1"/>
        <request index="2" response="100000" foes="100000" cont="0"/>
        <request index="3" response="100011" foes="100011" cont="0"/>
        <request index="4" response="000000" foes="000010" cont="0"/>
        <request index="5" response="000000" foes="001110" cont="0"/>
    </junction>
    <junction id="gneJ6" type="priority" x="300.00" y="200.00" incLanes="-gneE7_0 gneE6_0" intLanes=":gneJ6_0_0 :gneJ6_1_0" shape="300.00,203.20 300.00,196.80 300.00,203.20">
        <request index="0" response="00" foes="00" cont="0"/>
        <request index="1" response="00" foes="00" cont="0"/>
    </junction>
    <junction id="gneJ7" type="traffic_light" x="400.00" y="200.00" incLanes="gneE21_0 -gneE23_0 -gneE22_0 gneE7_0" intLanes=":gneJ7_0_0 :gneJ7_1_0 :gneJ7_12_0 :gneJ7_3_0 :gneJ7_4_0 :gneJ7_13_0 :gneJ7_6_0 :gneJ7_7_0 :gneJ7_14_0 :gneJ7_9_0 :gneJ7_10_0 :gneJ7_15_0" shape="396.80,207.20 403.20,207.20 403.64,204.98 404.20,204.20 404.98,203.64 405.98,203.31 407.20,203.20 407.20,196.80 404.98,196.36 404.20,195.80 403.64,195.02 403.31,194.02 403.20,192.80 396.80,192.80 396.36,195.02 395.80,195.80 395.02,196.36 394.02,196.69 392.80,196.80 392.80,203.20 395.02,203.64 395.80,204.20 396.36,204.98 396.69,205.98">
        <request index="0"  response="000000000000" foes="000100010000" cont="0"/>
        <request index="1"  response="100000100000" foes="111100110000" cont="0"/>
        <request index="2"  response="100011100000" foes="110011110000" cont="1"/>
        <request index="3"  response="000010000000" foes="100010000000" cont="0"/>
        <request index="4"  response="000110000111" foes="100110000111" cont="0"/>
        <request index="5"  response="011110000110" foes="011110000110" cont="1"/>
        <request index="6"  response="000000000000" foes="010000000100" cont="0"/>
        <request index="7"  response="100000100000" foes="110000111100" cont="0"/>
        <request index="8"  response="100000100011" foes="110000110011" cont="1"/>
        <request index="9"  response="000000000010" foes="000000100010" cont="0"/>
        <request index="10" response="000111000110" foes="000111100110" cont="0"/>
        <request index="11" response="000110011110" foes="000110011110" cont="1"/>
    </junction>
    <junction id="gneJ8" type="priority" x="0.00" y="100.00" incLanes="gneE8_0 gneE9_0 gneE19_0" intLanes=":gneJ8_0_0 :gneJ8_1_0 :gneJ8_2_0 :gneJ8_6_0 :gneJ8_4_0 :gneJ8_5_0" shape="-3.20,107.20 3.20,107.20 3.20,92.80 -3.20,92.80 -3.64,95.02 -4.20,95.80 -4.98,96.36 -5.98,96.69 -7.20,96.80 -7.20,103.20 -4.98,103.64 -4.20,104.20 -3.64,104.98 -3.31,105.98">
        <request index="0" response="000000" foes="001000" cont="0"/>
        <request index="1" response="000000" foes="111000" cont="0"/>
        <request index="2" response="000000" foes="100000" cont="0"/>
        <request index="3" response="000011" foes="100011" cont="1"/>
        <request index="4" response="000010" foes="000010" cont="0"/>
        <request index="5" response="001110" foes="001110" cont="0"/>
    </junction>
    <junction id="gneJ9" type="priority" x="0.00" y="0.00" incLanes="-gneE9_0 -gneE10_0" intLanes=":gneJ9_0_0 :gneJ9_1_0" shape="-3.20,3.20 3.20,3.20 3.20,-3.20 -0.36,-2.49 -1.60,-1.60 -2.49,-0.36 -3.02,1.24">
        <request index="0" response="00" foes="00" cont="0"/>
        <request index="1" response="00" foes="00" cont="0"/>
    </junction>

    <junction id=":gneJ1_6_0" type="internal" x="1.60" y="300.00" incLanes=":gneJ1_1_0 gneE0_0" intLanes=":gneJ1_3_0 :gneJ1_4_0 :gneJ1_5_0"/>
    <junction id=":gneJ11_12_0" type="internal" x="200.00" y="1.60" incLanes=":gneJ11_2_0 -gneE14_0" intLanes=":gneJ11_4_0 :gneJ11_5_0 :gneJ11_6_0 :gneJ11_7_0 :gneJ11_10_0 :gneJ11_11_0"/>
    <junction id=":gneJ11_13_0" type="internal" x="201.60" y="-0.00" incLanes=":gneJ11_5_0 -gneE11_0" intLanes=":gneJ11_1_0 :gneJ11_2_0 :gneJ11_7_0 :gneJ11_8_0 :gneJ11_9_0 :gneJ11_10_0"/>
    <junction id=":gneJ11_14_0" type="internal" x="200.00" y="-1.60" incLanes=":gneJ11_8_0 gneE12_0" intLanes=":gneJ11_0_0 :gneJ11_1_0 :gneJ11_4_0 :gneJ11_5_0 :gneJ11_10_0 :gneJ11_11_0"/>
    <junction id=":gneJ11_15_0" type="internal" x="198.40" y="0.00" incLanes=":gneJ11_11_0 -gneE13_0" intLanes=":gneJ11_1_0 :gneJ11_2_0 :gneJ11_3_0 :gneJ11_4_0 :gneJ11_7_0 :gneJ11_8_0"/>
    <junction id=":gneJ16_6_0" type="internal" x="400.00" y="98.40" incLanes=":gneJ16_3_0 gneE22_0" intLanes=":gneJ16_0_0 :gneJ16_1_0 :gneJ16_5_0"/>
    <junction id=":gneJ2_12_0" type="internal" x="-0.00" y="201.60" incLanes=":gneJ2_2_0 -gneE8_0" intLanes=":gneJ2_4_0 :gneJ2_5_0 :gneJ2_6_0 :gneJ2_7_0 :gneJ2_10_0 :gneJ2_11_0"/>
    <junction id=":gneJ2_13_0" type="internal" x="1.60" y="200.00" incLanes=":gneJ2_5_0 gneE20_0" intLanes=":gneJ2_1_0 :gneJ2_2_0 :gneJ2_7_0 :gneJ2_8_0 :gneJ2_9_0 :gneJ2_10_0"/>
    <junction id=":gneJ2_14_0" type="internal" x="-0.00" y="198.40" incLanes=":gneJ2_8_0 gneE1_0" intLanes=":gneJ2_0_0 :gneJ2_1_0 :gneJ2_4_0 :gneJ2_5_0 :gneJ2_10_0 :gneJ2_11_0"/>
    <junction id=":gneJ2_15_0" type="internal" x="-1.60" y="200.00" incLanes=":gneJ2_11_0 -gneE2_0" intLanes=":gneJ2_1_0 :gneJ2_2_0 :gneJ2_3_0 :gneJ2_4_0 :gneJ2_7_0 :gneJ2_8_0"/>
    <junction id=":gneJ21_12_0" type="internal" x="400.00" y="1.60" incLanes=":gneJ21_2_0 -gneE27_0" intLanes=":gneJ21_4_0 :gneJ21_5_0 :gneJ21_6_0 :gneJ21_7_0 :gneJ21_10_0 :gneJ21_11_0"/>
    <junction id=":gneJ21_13_0" type="internal" x="401.60" y="0.00" incLanes=":gneJ21_5_0 gneE25_0" intLanes=":gneJ21_1_0 :gneJ21_2_0 :gneJ21_7_0 :gneJ21_8_0 :gneJ21_9_0 :gneJ21_10_0"/>
    <junction id=":gneJ21_14_0" type="internal" x="400.00" y="-1.60" incLanes=":gneJ21_8_0 gneE24_0" intLanes=":gneJ21_0_0 :gneJ21_1_0 :gneJ21_4_0 :gneJ21_5_0 :gneJ21_10_0 :gneJ21_11_0"/>
    <junction id=":gneJ21_15_0" type="internal" x="398.40" y="-0.00" incLanes=":gneJ21_11_0 -gneE26_0" intLanes=":gneJ21_1_0 :gneJ21_2_0 :gneJ21_3_0 :gneJ21_4_0 :gneJ21_7_0 :gneJ21_8_0"/>
    <junction id=":gneJ3_12_0" type="internal" x="200.00" y="201.60" incLanes=":gneJ3_2_0 -gneE5_0" intLanes=":gneJ3_4_0 :gneJ3_5_0 :gneJ3_6_0 :gneJ3_7_0 :gneJ3_10_0 :gneJ3_11_0"/>
    <junction id=":gneJ3_13_0" type="internal" x="201.60" y="200.00" incLanes=":gneJ3_5_0 gneE2_0" intLanes=":gneJ3_1_0 :gneJ3_2_0 :gneJ3_7_0 :gneJ3_8_0 :gneJ3_9_0 :gneJ3_10_0"/>
    <junction id=":gneJ3_14_0" type="internal" x="200.00" y="198.40" incLanes=":gneJ3_8_0 gneE4_0" intLanes=":gneJ3_0_0 :gneJ3_1_0 :gneJ3_4_0 :gneJ3_5_0 :gneJ3_10_0 :gneJ3_11_0"/>
    <junction id=":gneJ3_15_0" type="internal" x="198.40" y="200.00" incLanes=":gneJ3_11_0 -gneE6_0" intLanes=":gneJ3_1_0 :gneJ3_2_0 :gneJ3_3_0 :gneJ3_4_0 :gneJ3_7_0 :gneJ3_8_0"/>
    <junction id=":gneJ30_6_0" type="internal" x="201.60" y="400.00" incLanes=":gneJ30_1_0 gneE35_0" intLanes=":gneJ30_3_0 :gneJ30_4_0 :gneJ30_5_0"/>
    <junction id=":gneJ4_6_0" type="internal" x="200.00" y="298.40" incLanes=":gneJ4_3_0 -gneE34_0" intLanes=":gneJ4_0_0 :gneJ4_1_0 :gneJ4_5_0"/>
    <junction id=":gneJ5_6_0" type="internal" x="200.00" y="101.60" incLanes=":gneJ5_1_0 -gneE12_0" intLanes=":gneJ5_3_0 :gneJ5_4_0 :gneJ5_5_0"/>
    <junction id=":gneJ7_12_0" type="internal" x="400.00" y="201.60" incLanes=":gneJ7_2_0 -gneE22_0" intLanes=":gneJ7_4_0 :gneJ7_5_0 :gneJ7_6_0 :gneJ7_7_0 :gneJ7_10_0 :gneJ7_11_0"/>
    <junction id=":gneJ7_13_0" type="internal" x="401.60" y="200.00" incLanes=":gneJ7_5_0 gneE7_0" intLanes=":gneJ7_1_0 :gneJ7_2_0 :gneJ7_7_0 :gneJ7_8_0 :gneJ7_9_0 :gneJ7_10_0"/>
    <junction id=":gneJ7_14_0" type="internal" x="400.00" y="198.40" incLanes=":gneJ7_8_0 gneE21_0" intLanes=":gneJ7_0_0 :gneJ7_1_0 :gneJ7_4_0 :gneJ7_5_0 :gneJ7_10_0 :gneJ7_11_0"/>
    <junction id=":gneJ7_15_0" type="internal" x="398.40" y="200.00" incLanes=":gneJ7_11_0 -gneE23_0" intLanes=":gneJ7_1_0 :gneJ7_2_0 :gneJ7_3_0 :gneJ7_4_0 :gneJ7_7_0 :gneJ7_8_0"/>
    <junction id=":gneJ8_6_0" type="internal" x="-0.00" y="98.40" incLanes=":gneJ8_3_0 gneE8_0" intLanes=":gneJ8_0_0 :gneJ8_1_0 :gneJ8_5_0"/>

    <connection from="-gneE1" to="gneE3" fromLane="0" toLane="0" via=":gneJ1_2_0" dir="r" state="m"/>
    <connection from="-gneE1" to="-gneE0" fromLane="0" toLane="0" via=":gneJ1_3_0" dir="l" state="m"/>
    <connection from="-gneE10" to="gneE9" fromLane="0" toLane="0" via=":gneJ9_1_0" dir="r" state="M"/>
    <connection from="-gneE11" to="gneE14" fromLane="0" toLane="0" via=":gneJ11_9_0" tl="gneJ11" linkIndex="9" dir="r" state="o"/>
    <connection from="-gneE11" to="gneE13" fromLane="0" toLane="0" via=":gneJ11_10_0" tl="gneJ11" linkIndex="10" dir="s" state="o"/>
    <connection from="-gneE11" to="-gneE12" fromLane="0" toLane="0" via=":gneJ11_11_0" tl="gneJ11" linkIndex="11" dir="l" state="o"/>
    <connection from="-gneE12" to="gneE17" fromLane="0" toLane="0" via=":gneJ5_4_0" dir="r" state="M"/>
    <connection from="-gneE12" to="-gneE5" fromLane="0" toLane="0" via=":gneJ5_5_0" dir="s" state="M"/>
    <connection from="-gneE13" to="-gneE12" fromLane="0" toLane="0" via=":gneJ11_3_0" tl="gneJ11" linkIndex="3" dir="r" state="o"/>
    <connection from="-gneE13" to="gneE11" fromLane="0" toLane="0" via=":gneJ11_4_0" tl="gneJ11" linkIndex="4" dir="s" state="o"/>
    <connection from="-gneE13" to="gneE14" fromLane="0" toLane="0" via=":gneJ11_5_0" tl="gneJ11" linkIndex="5" dir="l" state="o"/>
    <connection from="-gneE14" to="gneE13" fromLane="0" toLane="0" via=":gneJ11_6_0" tl="gneJ11" linkIndex="6" dir="r" state="O"/>
    <connection from="-gneE14" to="-gneE12" fromLane="0" toLane="0" via=":gneJ11_7_0" tl="gneJ11" linkIndex="7" dir="s" state="O"/>
    <connection from="-gneE14" to="gneE11" fromLane="0" toLane="0" via=":gneJ11_8_0" tl="gneJ11" linkIndex="8" dir="l" state="o"/>
    <connection from="-gneE17" to="-gneE5" fromLane="0" toLane="0" via=":gneJ5_2_0" dir="r" state="m"/>
    <connection from="-gneE17" to="gneE12" fromLane="0" toLane="0" via=":gneJ5_3_0" dir="l" state="m"/>
    <connection from="-gneE18" to="-gneE17" fromLane="0" toLane="0" via=":gneJ15_0_0" dir="s" state="M"/>
    <connection from="-gneE2" to="-gneE1" fromLane="0" toLane="0" via=":gneJ2_3_0" tl="gneJ2" linkIndex="3" dir="r" state="o"/>
    <connection from="-gneE2" to="-gneE20" fromLane="0" toLane="0" via=":gneJ2_4_0" tl="gneJ2" linkIndex="4" dir="s" state="o"/>
    <connection from="-gneE2" to="gneE8" fromLane="0" toLane="0" via=":gneJ2_5_0" tl="gneJ2" linkIndex="5" dir="l" state="o"/>
    <connection from="-gneE21" to="gneE28" fromLane="0" toLane="0" via=":gneJ19_1_0" dir="r" state="M"/>
    <connection from="-gneE22" to="gneE23" fromLane="0" toLane="0" via=":gneJ7_6_0" tl="gneJ7" linkIndex="6" dir="r" state="O"/>
    <connection from="-gneE22" to="-gneE21" fromLane="0" toLane="0" via=":gneJ7_7_0" tl="gneJ7" linkIndex="7" dir="s" state="O"/>
    <connection from="-gneE22" to="-gneE7" fromLane="0" toLane="0" via=":gneJ7_8_0" tl="gneJ7" linkIndex="8" dir="l" state="o"/>
    <connection from="-gneE23" to="-gneE21" fromLane="0" toLane="0" via=":gneJ7_3_0" tl="gneJ7" linkIndex="3" dir="r" state="o"/>
    <connection from="-gneE23" to="-gneE7" fromLane="0" toLane="0" via=":gneJ7_4_0" tl="gneJ7" linkIndex="4" dir="s" state="o"/>
    <connection from="-gneE23" to="gneE22" fromLane="0" toLane="0" via=":gneJ7_5_0" tl="gneJ7" linkIndex="5" dir="l" state="o"/>
    <connection from="-gneE24" to="-gneE22" fromLane="0" toLane="0" via=":gneJ16_2_0" dir="s" state="M"/>
    <connection from="-gneE24" to="-gneE18" fromLane="0" toLane="0" via=":gneJ16_3_0" dir="l" state="m"/>
    <connection from="-gneE25" to="-gneE13" fromLane="0" toLane="0" via=":gneJ12_0_0" dir="s" state="M"/>
    <connection from="-gneE26" to="-gneE24" fromLane="0" toLane="0" via=":gneJ21_3_0" tl="gneJ21" linkIndex="3" dir="r" state="o"/>
    <connection from="-gneE26" to="-gneE25" fromLane="0" toLane="0" via=":gneJ21_4_0" tl="gneJ21" linkIndex="4" dir="s" state="o"/>
    <connection from="-gneE26" to="gneE27" fromLane="0" toLane="0" via=":gneJ21_5_0" tl="gneJ21" linkIndex="5" dir="l" state="o"/>
    <connection from="-gneE27" to="gneE26" fromLane="0" toLane="0" via=":gneJ21_6_0" tl="gneJ21" linkIndex="6" dir="r" state="O"/>
    <connection from="-gneE27" to="-gneE24" fromLane="0" toLane="0" via=":gneJ21_7_0" tl="gneJ21" linkIndex="7" dir="s" state="O"/>
    <connection from="-gneE27" to="-gneE25" fromLane="0" toLane="0" via=":gneJ21_8_0" tl="gneJ21" linkIndex="8" dir="l" state="o"/>
    <connection from="-gneE28" to="gneE21" fromLane="0" toLane="0" via=":gneJ19_0_0" dir="l" state="M"/>
    <connection from="-gneE29" to="-gneE28" fromLane="0" toLane="0" via=":gneJ24_0_0" dir="l" state="M"/>
    <connection from="-gneE3" to="-gneE0" fromLane="0" toLane="0" via=":gneJ1_0_0" dir="s" state="M"/>
    <connection from="-gneE3" to="gneE1" fromLane="0" toLane="0" via=":gneJ1_1_0" dir="l" state="m"/>
    <connection from="-gneE30" to="-gneE26" fromLane="0" toLane="0" via=":gneJ22_0_0" dir="s" state="M"/>
    <connection from="-gneE31" to="-gneE23" fromLane="0" toLane="0" via=":gneJ20_0_0" dir="l" state="M"/>
    <connection from="-gneE32" to="-gneE31" fromLane="0" toLane="0" via=":gneJ27_1_0" dir="r" state="M"/>
    <connection from="-gneE33" to="-gneE32" fromLane="0" toLane="0" via=":gneJ28_0_0" dir="l" state="M"/>
    <connection from="-gneE34" to="-gneE3" fromLane="0" toLane="0" via=":gneJ4_0_0" dir="r" state="M"/>
    <connection from="-gneE34" to="gneE4" fromLane="0" toLane="0" via=":gneJ4_1_0" dir="s" state="M"/>
    <connection from="-gneE36" to="-gneE35" fromLane="0" toLane="0" via=":gneJ30_0_0" dir="s" state="M"/>
    <connection from="-gneE36" to="-gneE34" fromLane="0" toLane="0" via=":gneJ30_1_0" dir="l" state="m"/>
    <connection from="-gneE4" to="gneE34" fromLane="0" toLane="0" via=":gneJ4_2_0" dir="s" state="M"/>
    <connection from="-gneE4" to="-gneE3" fromLane="0" toLane="0" via=":gneJ4_3_0" dir="l" state="m"/>
    <connection from="-gneE40" to="-gneE39" fromLane="0" toLane="0" via=":gneJ37_1_0" dir="r" state="M"/>
    <connection from="-gneE5" to="gneE6" fromLane="0" toLane="0" via=":gneJ3_6_0" tl="gneJ3" linkIndex="6" dir="r" state="O"/>
    <connection from="-gneE5" to="-gneE4" fromLane="0" toLane="0" via=":gneJ3_7_0" tl="gneJ3" linkIndex="7" dir="s" state="O"/>
    <connection from="-gneE5" to="-gneE2" fromLane="0" toLane="0" via=":gneJ3_8_0" tl="gneJ3" linkIndex="8" dir="l" state="o"/>
    <connection from="-gneE6" to="-gneE4" fromLane="0" toLane="0" via=":gneJ3_3_0" tl="gneJ3" linkIndex="3" dir="r" state="o"/>
    <connection from="-gneE6" to="-gneE2" fromLane="0" toLane="0" via=":gneJ3_4_0" tl="gneJ3" linkIndex="4" dir="s" state="o"/>
    <connection from="-gneE6" to="gneE5" fromLane="0" toLane="0" via=":gneJ3_5_0" tl="gneJ3" linkIndex="5" dir="l" state="o"/>
    <connection from="-gneE7" to="-gneE6" fromLane="0" toLane="0" via=":gneJ6_0_0" dir="s" state="M"/>
    <connection from="-gneE8" to="gneE2" fromLane="0" toLane="0" via=":gneJ2_6_0" tl="gneJ2" linkIndex="6" dir="r" state="O"/>
    <connection from="-gneE8" to="-gneE1" fromLane="0" toLane="0" via=":gneJ2_7_0" tl="gneJ2" linkIndex="7" dir="s" state="O"/>
    <connection from="-gneE8" to="-gneE20" fromLane="0" toLane="0" via=":gneJ2_8_0" tl="gneJ2" linkIndex="8" dir="l" state="o"/>
    <connection from="-gneE9" to="gneE10" fromLane="0" toLane="0" via=":gneJ9_0_0" dir="l" state="M"/>
    <connection from="gneE0" to="gneE1" fromLane="0" toLane="0" via=":gneJ1_4_0" dir="r" state="M"/>
    <connection from="gneE0" to="gneE3" fromLane="0" toLane="0" via=":gneJ1_5_0" dir="s" state="M"/>
    <connection from="gneE1" to="-gneE20" fromLane="0" toLane="0" via=":gneJ2_0_0" tl="gneJ2" linkIndex="0" dir="r" state="O"/>
    <connection from="gneE1" to="gneE8" fromLane="0" toLane="0" via=":gneJ2_1_0" tl="gneJ2" linkIndex="1" dir="s" state="O"/>
    <connection from="gneE1" to="gneE2" fromLane="0" toLane="0" via=":gneJ2_2_0" tl="gneJ2" linkIndex="2" dir="l" state="o"/>
    <connection from="gneE10" to="-gneE11" fromLane="0" toLane="0" via=":gneJ10_1_0" dir="s" state="M"/>
    <connection from="gneE11" to="-gneE10" fromLane="0" toLane="0" via=":gneJ10_0_0" dir="s" state="M"/>
    <connection from="gneE12" to="gneE11" fromLane="0" toLane="0" via=":gneJ11_0_0" tl="gneJ11" linkIndex="0" dir="r" state="O"/>
    <connection from="gneE12" to="gneE14" fromLane="0" toLane="0" via=":gneJ11_1_0" tl="gneJ11" linkIndex="1" dir="s" state="O"/>
    <connection from="gneE12" to="gneE13" fromLane="0" toLane="0" via=":gneJ11_2_0" tl="gneJ11" linkIndex="2" dir="l" state="o"/>
    <connection from="gneE13" to="gneE25" fromLane="0" toLane="0" via=":gneJ12_1_0" dir="s" state="M"/>
    <connection from="gneE14" to="-gneE38" fromLane="0" toLane="0" via=":gneJ13_0_0" dir="r" state="M"/>
    <connection from="gneE17" to="gneE18" fromLane="0" toLane="0" via=":gneJ15_1_0" dir="s" state="M"/>
    <connection from="gneE18" to="gneE24" fromLane="0" toLane="0" via=":gneJ16_4_0" dir="r" state="m"/>
    <connection from="gneE18" to="-gneE22" fromLane="0" toLane="0" via=":gneJ16_5_0" dir="l" state="m"/>
    <connection from="gneE19" to="-gneE9" fromLane="0" toLane="0" via=":gneJ8_4_0" dir="r" state="m"/>
    <connection from="gneE19" to="-gneE8" fromLane="0" toLane="0" via=":gneJ8_5_0" dir="l" state="m"/>
    <connection from="gneE2" to="gneE5" fromLane="0" toLane="0" via=":gneJ3_9_0" tl="gneJ3" linkIndex="9" dir="r" state="o"/>
    <connection from="gneE2" to="gneE6" fromLane="0" toLane="0" via=":gneJ3_10_0" tl="gneJ3" linkIndex="10" dir="s" state="o"/>
    <connection from="gneE2" to="-gneE4" fromLane="0" toLane="0" via=":gneJ3_11_0" tl="gneJ3" linkIndex="11" dir="l" state="o"/>
    <connection from="gneE20" to="gneE8" fromLane="0" toLane="0" via=":gneJ2_9_0" tl="gneJ2" linkIndex="9" dir="r" state="o"/>
    <connection from="gneE20" to="gneE2" fromLane="0" toLane="0" via=":gneJ2_10_0" tl="gneJ2" linkIndex="10" dir="s" state="o"/>
    <connection from="gneE20" to="-gneE1" fromLane="0" toLane="0" via=":gneJ2_11_0" tl="gneJ2" linkIndex="11" dir="l" state="o"/>
    <connection from="gneE21" to="-gneE7" fromLane="0" toLane="0" via=":gneJ7_0_0" tl="gneJ7" linkIndex="0" dir="r" state="O"/>
    <connection from="gneE21" to="gneE22" fromLane="0" toLane="0" via=":gneJ7_1_0" tl="gneJ7" linkIndex="1" dir="s" state="O"/>
    <connection from="gneE21" to="gneE23" fromLane="0" toLane="0" via=":gneJ7_2_0" tl="gneJ7" linkIndex="2" dir="l" state="o"/>
    <connection from="gneE22" to="-gneE18" fromLane="0" toLane="0" via=":gneJ16_0_0" dir="r" state="M"/>
    <connection from="gneE22" to="gneE24" fromLane="0" toLane="0" via=":gneJ16_1_0" dir="s" state="M"/>
    <connection from="gneE23" to="gneE31" fromLane="0" toLane="0" via=":gneJ20_1_0" dir="r" state="M"/>
    <connection from="gneE24" to="-gneE25" fromLane="0" toLane="0" via=":gneJ21_0_0" tl="gneJ21" linkIndex="0" dir="r" state="O"/>
    <connection from="gneE24" to="gneE27" fromLane="0" toLane="0" via=":gneJ21_1_0" tl="gneJ21" linkIndex="1" dir="s" state="O"/>
    <connection from="gneE24" to="gneE26" fromLane="0" toLane="0" via=":gneJ21_2_0" tl="gneJ21" linkIndex="2" dir="l" state="o"/>
    <connection from="gneE25" to="gneE27" fromLane="0" toLane="0" via=":gneJ21_9_0" tl="gneJ21" linkIndex="9" dir="r" state="o"/>
    <connection from="gneE25" to="gneE26" fromLane="0" toLane="0" via=":gneJ21_10_0" tl="gneJ21" linkIndex="10" dir="s" state="o"/>
    <connection from="gneE25" to="-gneE24" fromLane="0" toLane="0" via=":gneJ21_11_0" tl="gneJ21" linkIndex="11" dir="l" state="o"/>
    <connection from="gneE26" to="gneE30" fromLane="0" toLane="0" via=":gneJ22_1_0" dir="s" state="M"/>
    <connection from="gneE28" to="gneE29" fromLane="0" toLane="0" via=":gneJ24_1_0" dir="r" state="M"/>
    <connection from="gneE3" to="gneE4" fromLane="0" toLane="0" via=":gneJ4_4_0" dir="r" state="m"/>
    <connection from="gneE3" to="gneE34" fromLane="0" toLane="0" via=":gneJ4_5_0" dir="l" state="m"/>
    <connection from="gneE31" to="gneE32" fromLane="0" toLane="0" via=":gneJ27_0_0" dir="l" state="M"/>
    <connection from="gneE32" to="gneE33" fromLane="0" toLane="0" via=":gneJ28_1_0" dir="r" state="M"/>
    <connection from="gneE34" to="gneE36" fromLane="0" toLane="0" via=":gneJ30_2_0" dir="r" state="m"/>
    <connection from="gneE34" to="-gneE35" fromLane="0" toLane="0" via=":gneJ30_3_0" dir="l" state="m"/>
    <connection from="gneE35" to="-gneE34" fromLane="0" toLane="0" via=":gneJ30_4_0" dir="r" state="M"/>
    <connection from="gneE35" to="gneE36" fromLane="0" toLane="0" via=":gneJ30_5_0" dir="s" state="M"/>
    <connection from="gneE38" to="-gneE14" fromLane="0" toLane="0" via=":gneJ13_1_0" dir="l" state="M"/>
    <connection from="gneE39" to="gneE40" fromLane="0" toLane="0" via=":gneJ37_0_0" dir="l" state="M"/>
    <connection from="gneE4" to="-gneE2" fromLane="0" toLane="0" via=":gneJ3_0_0" tl="gneJ3" linkIndex="0" dir="r" state="O"/>
    <connection from="gneE4" to="gneE5" fromLane="0" toLane="0" via=":gneJ3_1_0" tl="gneJ3" linkIndex="1" dir="s" state="O"/>
    <connection from="gneE4" to="gneE6" fromLane="0" toLane="0" via=":gneJ3_2_0" tl="gneJ3" linkIndex="2" dir="l" state="o"/>
    <connection from="gneE5" to="gneE12" fromLane="0" toLane="0" via=":gneJ5_0_0" dir="s" state="M"/>
    <connection from="gneE5" to="gneE17" fromLane="0" toLane="0" via=":gneJ5_1_0" dir="l" state="m"/>
    <connection from="gneE6" to="gneE7" fromLane="0" toLane="0" via=":gneJ6_1_0" dir="s" state="M"/>
    <connection from="gneE7" to="gneE22" fromLane="0" toLane="0" via=":gneJ7_9_0" tl="gneJ7" linkIndex="9" dir="r" state="o"/>
    <connection from="gneE7" to="gneE23" fromLane="0" toLane="0" via=":gneJ7_10_0" tl="gneJ7" linkIndex="10" dir="s" state="o"/>
    <connection from="gneE7" to="-gneE21" fromLane="0" toLane="0" via=":gneJ7_11_0" tl="gneJ7" linkIndex="11" dir="l" state="o"/>
    <connection from="gneE8" to="-gneE19" fromLane="0" toLane="0" via=":gneJ8_0_0" dir="r" state="M"/>
    <connection from="gneE8" to="-gneE9" fromLane="0" toLane="0" via=":gneJ8_1_0" dir="s" state="M"/>
    <connection from="gneE9" to="-gneE8" fromLane="0" toLane="0" via=":gneJ8_2_0" dir="s" state="M"/>
    <connection from="gneE9" to="-gneE19" fromLane="0" toLane="0" via=":gneJ8_3_0" dir="l" state="m"/>

    <connection from=":gneJ1_0" to="-gneE0" fromLane="0" toLane="0" dir="s" state="M"/>
    <connection from=":gneJ1_1" to="gneE1" fromLane="0" toLane="0" via=":gneJ1_6_0" dir="l" state="m"/>
    <connection from=":gneJ1_6" to="gneE1" fromLane="0" toLane="0" dir="l" state="M"/>
    <connection from=":gneJ1_2" to="gneE3" fromLane="0" toLane="0" dir="r" state="M"/>
    <connection from=":gneJ1_3" to="-gneE0" fromLane="0" toLane="0" dir="l" state="M"/>
    <connection from=":gneJ1_4" to="gneE1" fromLane="0" toLane="0" dir="r" state="M"/>
    <connection from=":gneJ1_5" to="gneE3" fromLane="0" toLane="0" dir="s" state="M"/>
    <connection from=":gneJ10_0" to="-gneE10" fromLane="0" toLane="0" dir="s" state="M"/>
    <connection from=":gneJ10_1" to="-gneE11" fromLane="0" toLane="0" dir="s" state="M"/>
    <connection from=":gneJ11_0" to="gneE11" fromLane="0" toLane="0" dir="r" state="M"/>
    <connection from=":gneJ11_1" to="gneE14" fromLane="0" toLane="0" dir="s" state="M"/>
    <connection from=":gneJ11_2" to="gneE13" fromLane="0" toLane="0" via=":gneJ11_12_0" dir="l" state="m"/>
    <connection from=":gneJ11_12" to="gneE13" fromLane="0" toLane="0" dir="l" state="M"/>
    <connection from=":gneJ11_3" to="-gneE12" fromLane="0" toLane="0" dir="r" state="M"/>
    <connection from=":gneJ11_4" to="gneE11" fromLane="0" toLane="0" dir="s" state="M"/>
    <connection from=":gneJ11_5" to="gneE14" fromLane="0" toLane="0" via=":gneJ11_13_0" dir="l" state="m"/>
    <connection from=":gneJ11_13" to="gneE14" fromLane="0" toLane="0" dir="l" state="M"/>
    <connection from=":gneJ11_6" to="gneE13" fromLane="0" toLane="0" dir="r" state="M"/>
    <connection from=":gneJ11_7" to="-gneE12" fromLane="0" toLane="0" dir="s" state="M"/>
    <connection from=":gneJ11_8" to="gneE11" fromLane="0" toLane="0" via=":gneJ11_14_0" dir="l" state="m"/>
    <connection from=":gneJ11_14" to="gneE11" fromLane="0" toLane="0" dir="l" state="M"/>
    <connection from=":gneJ11_9" to="gneE14" fromLane="0" toLane="0" dir="r" state="M"/>
    <connection from=":gneJ11_10" to="gneE13" fromLane="0" toLane="0" dir="s" state="M"/>
    <connection from=":gneJ11_11" to="-gneE12" fromLane="0" toLane="0" via=":gneJ11_15_0" dir="l" state="m"/>
    <connection from=":gneJ11_15" to="-gneE12" fromLane="0" toLane="0" dir="l" state="M"/>
    <connection from=":gneJ12_0" to="-gneE13" fromLane="0" toLane="0" dir="s" state="M"/>
    <connection from=":gneJ12_1" to="gneE25" fromLane="0" toLane="0" dir="s" state="M"/>
    <connection from=":gneJ13_0" to="-gneE38" fromLane="0" toLane="0" dir="r" state="M"/>
    <connection from=":gneJ13_1" to="-gneE14" fromLane="0" toLane="0" dir="l" state="M"/>
    <connection from=":gneJ15_0" to="-gneE17" fromLane="0" toLane="0" dir="s" state="M"/>
    <connection from=":gneJ15_1" to="gneE18" fromLane="0" toLane="0" dir="s" state="M"/>
    <connection from=":gneJ16_0" to="-gneE18" fromLane="0" toLane="0" dir="r" state="M"/>
    <connection from=":gneJ16_1" to="gneE24" fromLane="0" toLane="0" dir="s" state="M"/>
    <connection from=":gneJ16_2" to="-gneE22" fromLane="0" toLane="0" dir="s" state="M"/>
    <connection from=":gneJ16_3" to="-gneE18" fromLane="0" toLane="0" via=":gneJ16_6_0" dir="l" state="m"/>
    <connection from=":gneJ16_6" to="-gneE18" fromLane="0" toLane="0" dir="l" state="M"/>
    <connection from=":gneJ16_4" to="gneE24" fromLane="0" toLane="0" dir="r" state="M"/>
    <connection from=":gneJ16_5" to="-gneE22" fromLane="0" toLane="0" dir="l" state="M"/>
    <connection from=":gneJ19_0" to="gneE21" fromLane="0" toLane="0" dir="l" state="M"/>
    <connection from=":gneJ19_1" to="gneE28" fromLane="0" toLane="0" dir="r" state="M"/>
    <connection from=":gneJ2_0" to="-gneE20" fromLane="0" toLane="0" dir="r" state="M"/>
    <connection from=":gneJ2_1" to="gneE8" fromLane="0" toLane="0" dir="s" state="M"/>
    <connection from=":gneJ2_2" to="gneE2" fromLane="0" toLane="0" via=":gneJ2_12_0" dir="l" state="m"/>
    <connection from=":gneJ2_12" to="gneE2" fromLane="0" toLane="0" dir="l" state="M"/>
    <connection from=":gneJ2_3" to="-gneE1" fromLane="0" toLane="0" dir="r" state="M"/>
    <connection from=":gneJ2_4" to="-gneE20" fromLane="0" toLane="0" dir="s" state="M"/>
    <connection from=":gneJ2_5" to="gneE8" fromLane="0" toLane="0" via=":gneJ2_13_0" dir="l" state="m"/>
    <connection from=":gneJ2_13" to="gneE8" fromLane="0" toLane="0" dir="l" state="M"/>
    <connection from=":gneJ2_6" to="gneE2" fromLane="0" toLane="0" dir="r" state="M"/>
    <connection from=":gneJ2_7" to="-gneE1" fromLane="0" toLane="0" dir="s" state="M"/>
    <connection from=":gneJ2_8" to="-gneE20" fromLane="0" toLane="0" via=":gneJ2_14_0" dir="l" state="m"/>
    <connection from=":gneJ2_14" to="-gneE20" fromLane="0" toLane="0" dir="l" state="M"/>
    <connection from=":gneJ2_9" to="gneE8" fromLane="0" toLane="0" dir="r" state="M"/>
    <connection from=":gneJ2_10" to="gneE2" fromLane="0" toLane="0" dir="s" state="M"/>
    <connection from=":gneJ2_11" to="-gneE1" fromLane="0" toLane="0" via=":gneJ2_15_0" dir="l" state="m"/>
    <connection from=":gneJ2_15" to="-gneE1" fromLane="0" toLane="0" dir="l" state="M"/>
    <connection from=":gneJ20_0" to="-gneE23" fromLane="0" toLane="0" dir="l" state="M"/>
    <connection from=":gneJ20_1" to="gneE31" fromLane="0" toLane="0" dir="r" state="M"/>
    <connection from=":gneJ21_0" to="-gneE25" fromLane="0" toLane="0" dir="r" state="M"/>
    <connection from=":gneJ21_1" to="gneE27" fromLane="0" toLane="0" dir="s" state="M"/>
    <connection from=":gneJ21_2" to="gneE26" fromLane="0" toLane="0" via=":gneJ21_12_0" dir="l" state="m"/>
    <connection from=":gneJ21_12" to="gneE26" fromLane="0" toLane="0" dir="l" state="M"/>
    <connection from=":gneJ21_3" to="-gneE24" fromLane="0" toLane="0" dir="r" state="M"/>
    <connection from=":gneJ21_4" to="-gneE25" fromLane="0" toLane="0" dir="s" state="M"/>
    <connection from=":gneJ21_5" to="gneE27" fromLane="0" toLane="0" via=":gneJ21_13_0" dir="l" state="m"/>
    <connection from=":gneJ21_13" to="gneE27" fromLane="0" toLane="0" dir="l" state="M"/>
    <connection from=":gneJ21_6" to="gneE26" fromLane="0" toLane="0" dir="r" state="M"/>
    <connection from=":gneJ21_7" to="-gneE24" fromLane="0" toLane="0" dir="s" state="M"/>
    <connection from=":gneJ21_8" to="-gneE25" fromLane="0" toLane="0" via=":gneJ21_14_0" dir="l" state="m"/>
    <connection from=":gneJ21_14" to="-gneE25" fromLane="0" toLane="0" dir="l" state="M"/>
    <connection from=":gneJ21_9" to="gneE27" fromLane="0" toLane="0" dir="r" state="M"/>
    <connection from=":gneJ21_10" to="gneE26" fromLane="0" toLane="0" dir="s" state="M"/>
    <connection from=":gneJ21_11" to="-gneE24" fromLane="0" toLane="0" via=":gneJ21_15_0" dir="l" state="m"/>
    <connection from=":gneJ21_15" to="-gneE24" fromLane="0" toLane="0" dir="l" state="M"/>
    <connection from=":gneJ22_0" to="-gneE26" fromLane="0" toLane="0" dir="s" state="M"/>
    <connection from=":gneJ22_1" to="gneE30" fromLane="0" toLane="0" dir="s" state="M"/>
    <connection from=":gneJ24_0" to="-gneE28" fromLane="0" toLane="0" dir="l" state="M"/>
    <connection from=":gneJ24_1" to="gneE29" fromLane="0" toLane="0" dir="r" state="M"/>
    <connection from=":gneJ27_0" to="gneE32" fromLane="0" toLane="0" dir="l" state="M"/>
    <connection from=":gneJ27_1" to="-gneE31" fromLane="0" toLane="0" dir="r" state="M"/>
    <connection from=":gneJ28_0" to="-gneE32" fromLane="0" toLane="0" dir="l" state="M"/>
    <connection from=":gneJ28_1" to="gneE33" fromLane="0" toLane="0" dir="r" state="M"/>
    <connection from=":gneJ3_0" to="-gneE2" fromLane="0" toLane="0" dir="r" state="M"/>
    <connection from=":gneJ3_1" to="gneE5" fromLane="0" toLane="0" dir="s" state="M"/>
    <connection from=":gneJ3_2" to="gneE6" fromLane="0" toLane="0" via=":gneJ3_12_0" dir="l" state="m"/>
    <connection from=":gneJ3_12" to="gneE6" fromLane="0" toLane="0" dir="l" state="M"/>
    <connection from=":gneJ3_3" to="-gneE4" fromLane="0" toLane="0" dir="r" state="M"/>
    <connection from=":gneJ3_4" to="-gneE2" fromLane="0" toLane="0" dir="s" state="M"/>
    <connection from=":gneJ3_5" to="gneE5" fromLane="0" toLane="0" via=":gneJ3_13_0" dir="l" state="m"/>
    <connection from=":gneJ3_13" to="gneE5" fromLane="0" toLane="0" dir="l" state="M"/>
    <connection from=":gneJ3_6" to="gneE6" fromLane="0" toLane="0" dir="r" state="M"/>
    <connection from=":gneJ3_7" to="-gneE4" fromLane="0" toLane="0" dir="s" state="M"/>
    <connection from=":gneJ3_8" to="-gneE2" fromLane="0" toLane="0" via=":gneJ3_14_0" dir="l" state="m"/>
    <connection from=":gneJ3_14" to="-gneE2" fromLane="0" toLane="0" dir="l" state="M"/>
    <connection from=":gneJ3_9" to="gneE5" fromLane="0" toLane="0" dir="r" state="M"/>
    <connection from=":gneJ3_10" to="gneE6" fromLane="0" toLane="0" dir="s" state="M"/>
    <connection from=":gneJ3_11" to="-gneE4" fromLane="0" toLane="0" via=":gneJ3_15_0" dir="l" state="m"/>
    <connection from=":gneJ3_15" to="-gneE4" fromLane="0" toLane="0" dir="l" state="M"/>
    <connection from=":gneJ30_0" to="-gneE35" fromLane="0" toLane="0" dir="s" state="M"/>
    <connection from=":gneJ30_1" to="-gneE34" fromLane="0" toLane="0" via=":gneJ30_6_0" dir="l" state="m"/>
    <connection from=":gneJ30_6" to="-gneE34" fromLane="0" toLane="0" dir="l" state="M"/>
    <connection from=":gneJ30_2" to="gneE36" fromLane="0" toLane="0" dir="r" state="M"/>
    <connection from=":gneJ30_3" to="-gneE35" fromLane="0" toLane="0" dir="l" state="M"/>
    <connection from=":gneJ30_4" to="-gneE34" fromLane="0" toLane="0" dir="r" state="M"/>
    <connection from=":gneJ30_5" to="gneE36" fromLane="0" toLane="0" dir="s" state="M"/>
    <connection from=":gneJ37_0" to="gneE40" fromLane="0" toLane="0" dir="l" state="M"/>
    <connection from=":gneJ37_1" to="-gneE39" fromLane="0" toLane="0" dir="r" state="M"/>
    <connection from=":gneJ4_0" to="-gneE3" fromLane="0" toLane="0" dir="r" state="M"/>
    <connection from=":gneJ4_1" to="gneE4" fromLane="0" toLane="0" dir="s" state="M"/>
    <connection from=":gneJ4_2" to="gneE34" fromLane="0" toLane="0" dir="s" state="M"/>
    <connection from=":gneJ4_3" to="-gneE3" fromLane="0" toLane="0" via=":gneJ4_6_0" dir="l" state="m"/>
    <connection from=":gneJ4_6" to="-gneE3" fromLane="0" toLane="0" dir="l" state="M"/>
    <connection from=":gneJ4_4" to="gneE4" fromLane="0" toLane="0" dir="r" state="M"/>
    <connection from=":gneJ4_5" to="gneE34" fromLane="0" toLane="0" dir="l" state="M"/>
    <connection from=":gneJ5_0" to="gneE12" fromLane="0" toLane="0" dir="s" state="M"/>
    <connection from=":gneJ5_1" to="gneE17" fromLane="0" toLane="0" via=":gneJ5_6_0" dir="l" state="m"/>
    <connection from=":gneJ5_6" to="gneE17" fromLane="0" toLane="0" dir="l" state="M"/>
    <connection from=":gneJ5_2" to="-gneE5" fromLane="0" toLane="0" dir="r" state="M"/>
    <connection from=":gneJ5_3" to="gneE12" fromLane="0" toLane="0" dir="l" state="M"/>
    <connection from=":gneJ5_4" to="gneE17" fromLane="0" toLane="0" dir="r" state="M"/>
    <connection from=":gneJ5_5" to="-gneE5" fromLane="0" toLane="0" dir="s" state="M"/>
    <connection from=":gneJ6_0" to="-gneE6" fromLane="0" toLane="0" dir="s" state="M"/>
    <connection from=":gneJ6_1" to="gneE7" fromLane="0" toLane="0" dir="s" state="M"/>
    <connection from=":gneJ7_0" to="-gneE7" fromLane="0" toLane="0" dir="r" state="M"/>
    <connection from=":gneJ7_1" to="gneE22" fromLane="0" toLane="0" dir="s" state="M"/>
    <connection from=":gneJ7_2" to="gneE23" fromLane="0" toLane="0" via=":gneJ7_12_0" dir="l" state="m"/>
    <connection from=":gneJ7_12" to="gneE23" fromLane="0" toLane="0" dir="l" state="M"/>
    <connection from=":gneJ7_3" to="-gneE21" fromLane="0" toLane="0" dir="r" state="M"/>
    <connection from=":gneJ7_4" to="-gneE7" fromLane="0" toLane="0" dir="s" state="M"/>
    <connection from=":gneJ7_5" to="gneE22" fromLane="0" toLane="0" via=":gneJ7_13_0" dir="l" state="m"/>
    <connection from=":gneJ7_13" to="gneE22" fromLane="0" toLane="0" dir="l" state="M"/>
    <connection from=":gneJ7_6" to="gneE23" fromLane="0" toLane="0" dir="r" state="M"/>
    <connection from=":gneJ7_7" to="-gneE21" fromLane="0" toLane="0" dir="s" state="M"/>
    <connection from=":gneJ7_8" to="-gneE7" fromLane="0" toLane="0" via=":gneJ7_14_0" dir="l" state="m"/>
    <connection from=":gneJ7_14" to="-gneE7" fromLane="0" toLane="0" dir="l" state="M"/>
    <connection from=":gneJ7_9" to="gneE22" fromLane="0" toLane="0" dir="r" state="M"/>
    <connection from=":gneJ7_10" to="gneE23" fromLane="0" toLane="0" dir="s" state="M"/>
    <connection from=":gneJ7_11" to="-gneE21" fromLane="0" toLane="0" via=":gneJ7_15_0" dir="l" state="m"/>
    <connection from=":gneJ7_15" to="-gneE21" fromLane="0" toLane="0" dir="l" state="M"/>
    <connection from=":gneJ8_0" to="-gneE19" fromLane="0" toLane="0" dir="r" state="M"/>
    <connection from=":gneJ8_1" to="-gneE9" fromLane="0" toLane="0" dir="s" state="M"/>
    <connection from=":gneJ8_2" to="-gneE8" fromLane="0" toLane="0" dir="s" state="M"/>
    <connection from=":gneJ8_3" to="-gneE19" fromLane="0" toLane="0" via=":gneJ8_6_0" dir="l" state="m"/>
    <connection from=":gneJ8_6" to="-gneE19" fromLane="0" toLane="0" dir="l" state="M"/>
    <connection from=":gneJ8_4" to="-gneE9" fromLane="0" toLane="0" dir="r" state="M"/>
    <connection from=":gneJ8_5" to="-gneE8" fromLane="0" toLane="0" dir="l" state="M"/>
    <connection from=":gneJ9_0" to="gneE10" fromLane="0" toLane="0" dir="l" state="M"/>
    <connection from=":gneJ9_1" to="gneE9" fromLane="0" toLane="0" dir="r" state="M"/>

</net>
